2026-07-25T11:44:01.861+05:30  INFO 2278 --- [SpringSecurities] [main] c.s.S.SpringSecuritiesApplication        : Starting SpringSecuritiesApplication using Java 24.0.1 with PID 2278 (/Users/atharvaparkale/Personal/Dev/SpringBoot/SpringSecurities/target/classes started by atharvaparkale in /Users/atharvaparkale/Personal/Dev/SpringBoot/SpringSecurities)
2026-07-25T11:44:01.862+05:30 DEBUG 2278 --- [SpringSecurities] [main] c.s.S.SpringSecuritiesApplication        : Running with Spring Boot v4.1.0, Spring v7.0.8
2026-07-25T11:44:01.862+05:30  INFO 2278 --- [SpringSecurities] [main] c.s.S.SpringSecuritiesApplication        : No active profile set, falling back to 1 default profile: "default"
2026-07-25T11:44:02.048+05:30  INFO 2278 --- [SpringSecurities] [main] .s.d.r.c.RepositoryConfigurationDelegate : Multiple Spring Data modules found, entering strict repository configuration mode
2026-07-25T11:44:02.048+05:30  INFO 2278 --- [SpringSecurities] [main] .s.d.r.c.RepositoryConfigurationDelegate : Bootstrapping Spring Data JDBC repositories in DEFAULT mode.
2026-07-25T11:44:02.054+05:30  INFO 2278 --- [SpringSecurities] [main] .s.d.r.c.RepositoryConfigurationDelegate : Finished Spring Data repository scanning in 3 ms. Found 0 JDBC repository interfaces.
2026-07-25T11:44:02.057+05:30  INFO 2278 --- [SpringSecurities] [main] .s.d.r.c.RepositoryConfigurationDelegate : Multiple Spring Data modules found, entering strict repository configuration mode
2026-07-25T11:44:02.058+05:30  INFO 2278 --- [SpringSecurities] [main] .s.d.r.c.RepositoryConfigurationDelegate : Bootstrapping Spring Data JPA repositories in DEFAULT mode.
2026-07-25T11:44:02.059+05:30  INFO 2278 --- [SpringSecurities] [main] .s.d.r.c.RepositoryConfigurationDelegate : Finished Spring Data repository scanning in 0 ms. Found 0 JPA repository interfaces.
2026-07-25T11:44:02.189+05:30  INFO 2278 --- [SpringSecurities] [main] o.s.boot.tomcat.TomcatWebServer          : Tomcat initialized with port 8080 (http)
2026-07-25T11:44:02.194+05:30  INFO 2278 --- [SpringSecurities] [main] o.apache.catalina.core.StandardService   : Starting service [Tomcat]
2026-07-25T11:44:02.194+05:30  INFO 2278 --- [SpringSecurities] [main] o.apache.catalina.core.StandardEngine    : Starting Servlet engine: [Apache Tomcat/11.0.22]
2026-07-25T11:44:02.204+05:30  INFO 2278 --- [SpringSecurities] [main] b.w.c.s.WebApplicationContextInitializer : Root WebApplicationContext: initialization completed in 326 ms
2026-07-25T11:44:02.253+05:30  INFO 2278 --- [SpringSecurities] [main] org.hibernate.orm.jpa                    : HHH008540: Processing PersistenceUnitInfo [name: default]
2026-07-25T11:44:02.267+05:30  INFO 2278 --- [SpringSecurities] [main] org.hibernate.orm.core                   : HHH000001: Hibernate ORM core version 7.4.1.Final
2026-07-25T11:44:02.385+05:30  INFO 2278 --- [SpringSecurities] [main] o.s.o.j.p.SpringPersistenceUnitInfo      : No LoadTimeWeaver setup: ignoring JPA class transformer
2026-07-25T11:44:02.394+05:30  INFO 2278 --- [SpringSecurities] [main] com.zaxxer.hikari.HikariDataSource       : HikariPool-1 - Starting...
2026-07-25T11:44:02.510+05:30  INFO 2278 --- [SpringSecurities] [main] com.zaxxer.hikari.pool.HikariPool        : HikariPool-1 - Added connection com.mysql.cj.jdbc.ConnectionImpl@735988cf
2026-07-25T11:44:02.510+05:30  INFO 2278 --- [SpringSecurities] [main] com.zaxxer.hikari.HikariDataSource       : HikariPool-1 - Start completed.
2026-07-25T11:44:02.528+05:30  WARN 2278 --- [SpringSecurities] [main] org.hibernate.orm.deprecation            : HHH90000025: MySQLDialect does not need to be specified explicitly using 'hibernate.dialect' (remove the property setting and it will be selected by default)
2026-07-25T11:44:02.534+05:30  INFO 2278 --- [SpringSecurities] [main] org.hibernate.orm.connections.pooling    : HHH10001005: Database info:
	Database JDBC URL [jdbc:mysql://localhost:3306/security_app]
	Database driver: MySQL Connector/J
	Database dialect: MySQLDialect
	Database version: 9.7.1
	Default catalog/schema: security_app/undefined
	Autocommit mode: undefined/unknown
	Isolation level: REPEATABLE_READ [default REPEATABLE_READ]
	JDBC fetch size: none
	Pool: DataSourceConnectionProvider
	Minimum pool size: undefined/unknown
	Maximum pool size: undefined/unknown
2026-07-25T11:44:02.644+05:30  INFO 2278 --- [SpringSecurities] [main] org.hibernate.orm.core                   : HHH000489: No JTA platform available (set 'hibernate.transaction.jta.platform' to enable JTA platform integration)
2026-07-25T11:44:02.663+05:30  INFO 2278 --- [SpringSecurities] [main] j.LocalContainerEntityManagerFactoryBean : Initialized JPA EntityManagerFactory for persistence unit 'default'
2026-07-25T11:44:02.685+05:30  WARN 2278 --- [SpringSecurities] [main] JpaBaseConfiguration$JpaWebConfiguration : spring.jpa.open-in-view is enabled by default. Therefore, database queries may be performed during view rendering. Explicitly configure spring.jpa.open-in-view to disable this warning
2026-07-25T11:44:02.916+05:30  WARN 2278 --- [SpringSecurities] [main] ConfigServletWebServerApplicationContext : Exception encountered during context initialization - cancelling refresh attempt: org.springframework.beans.factory.UnsatisfiedDependencyException: Error creating bean with name 'org.springframework.security.config.annotation.web.configuration.WebSecurityConfiguration': Unsatisfied dependency expressed through method 'setFilterChains' parameter 0: Error creating bean with name 'securityFilterChain' defined in class path resource [com/springboot/SpringSecurities/SecurityConfig.class]: Unsatisfied dependency expressed through method 'securityFilterChain' parameter 0: Error creating bean with name 'org.springframework.security.config.annotation.web.configuration.HttpSecurityConfiguration.httpSecurity' defined in class path resource [org/springframework/security/config/annotation/web/configuration/HttpSecurityConfiguration.class]: Failed to instantiate [org.springframework.security.config.annotation.web.builders.HttpSecurity]: Factory method 'httpSecurity' threw exception with message: Error creating bean with name 'userDetailsService' defined in class path resource [com/springboot/SpringSecurities/SecurityConfig.class]: Failed to instantiate [org.springframework.security.core.userdetails.UserDetailsService]: Factory method 'userDetailsService' threw exception with message: PreparedStatementCallback; SQL [insert into users (username, password, enabled) values (?,?,?)]; Duplicate entry 'user1' for key 'users.PRIMARY'
2026-07-25T11:44:02.917+05:30  INFO 2278 --- [SpringSecurities] [main] j.LocalContainerEntityManagerFactoryBean : Closing JPA EntityManagerFactory for persistence unit 'default'
2026-07-25T11:44:02.917+05:30  INFO 2278 --- [SpringSecurities] [main] com.zaxxer.hikari.HikariDataSource       : HikariPool-1 - Shutdown initiated...
2026-07-25T11:44:02.954+05:30  INFO 2278 --- [SpringSecurities] [main] com.zaxxer.hikari.HikariDataSource       : HikariPool-1 - Shutdown completed.
2026-07-25T11:44:02.955+05:30  INFO 2278 --- [SpringSecurities] [main] o.apache.catalina.core.StandardService   : Stopping service [Tomcat]
2026-07-25T11:44:02.959+05:30  INFO 2278 --- [SpringSecurities] [main] .s.b.a.l.ConditionEvaluationReportLogger : 

Error starting ApplicationContext. To display the condition evaluation report re-run your application with 'debug' enabled.
2026-07-25T11:44:02.963+05:30 ERROR 2278 --- [SpringSecurities] [main] o.s.boot.SpringApplication               : Application run failed

org.springframework.beans.factory.UnsatisfiedDependencyException: Error creating bean with name 'org.springframework.security.config.annotation.web.configuration.WebSecurityConfiguration': Unsatisfied dependency expressed through method 'setFilterChains' parameter 0: Error creating bean with name 'securityFilterChain' defined in class path resource [com/springboot/SpringSecurities/SecurityConfig.class]: Unsatisfied dependency expressed through method 'securityFilterChain' parameter 0: Error creating bean with name 'org.springframework.security.config.annotation.web.configuration.HttpSecurityConfiguration.httpSecurity' defined in class path resource [org/springframework/security/config/annotation/web/configuration/HttpSecurityConfiguration.class]: Failed to instantiate [org.springframework.security.config.annotation.web.builders.HttpSecurity]: Factory method 'httpSecurity' threw exception with message: Error creating bean with name 'userDetailsService' defined in class path resource [com/springboot/SpringSecurities/SecurityConfig.class]: Failed to instantiate [org.springframework.security.core.userdetails.UserDetailsService]: Factory method 'userDetailsService' threw exception with message: PreparedStatementCallback; SQL [insert into users (username, password, enabled) values (?,?,?)]; Duplicate entry 'user1' for key 'users.PRIMARY'
	at org.springframework.beans.factory.annotation.AutowiredAnnotationBeanPostProcessor$AutowiredMethodElement.resolveMethodArguments(AutowiredAnnotationBeanPostProcessor.java:872) ~[spring-beans-7.0.8.jar:7.0.8]
	at org.springframework.beans.factory.annotation.AutowiredAnnotationBeanPostProcessor$AutowiredMethodElement.inject(AutowiredAnnotationBeanPostProcessor.java:827) ~[spring-beans-7.0.8.jar:7.0.8]
	at org.springframework.beans.factory.annotation.InjectionMetadata.inject(InjectionMetadata.java:146) ~[spring-beans-7.0.8.jar:7.0.8]
	at org.springframework.beans.factory.annotation.AutowiredAnnotationBeanPostProcessor.postProcessProperties(AutowiredAnnotationBeanPostProcessor.java:493) ~[spring-beans-7.0.8.jar:7.0.8]
	at org.springframework.beans.factory.support.AbstractAutowireCapableBeanFactory.populateBean(AbstractAutowireCapableBeanFactory.java:1444) ~[spring-beans-7.0.8.jar:7.0.8]
	at org.springframework.beans.factory.support.AbstractAutowireCapableBeanFactory.doCreateBean(AbstractAutowireCapableBeanFactory.java:602) ~[spring-beans-7.0.8.jar:7.0.8]
	at org.springframework.beans.factory.support.AbstractAutowireCapableBeanFactory.createBean(AbstractAutowireCapableBeanFactory.java:525) ~[spring-beans-7.0.8.jar:7.0.8]
	at org.springframework.beans.factory.support.AbstractBeanFactory.lambda$doGetBean$0(AbstractBeanFactory.java:333) ~[spring-beans-7.0.8.jar:7.0.8]
	at org.springframework.beans.factory.support.DefaultSingletonBeanRegistry.getSingleton(DefaultSingletonBeanRegistry.java:371) ~[spring-beans-7.0.8.jar:7.0.8]
	at org.springframework.beans.factory.support.AbstractBeanFactory.doGetBean(AbstractBeanFactory.java:331) ~[spring-beans-7.0.8.jar:7.0.8]
	at org.springframework.beans.factory.support.AbstractBeanFactory.getBean(AbstractBeanFactory.java:196) ~[spring-beans-7.0.8.jar:7.0.8]
	at org.springframework.beans.factory.support.DefaultListableBeanFactory.instantiateSingleton(DefaultListableBeanFactory.java:1225) ~[spring-beans-7.0.8.jar:7.0.8]
	at org.springframework.beans.factory.support.DefaultListableBeanFactory.preInstantiateSingleton(DefaultListableBeanFactory.java:1191) ~[spring-beans-7.0.8.jar:7.0.8]
	at org.springframework.beans.factory.support.DefaultListableBeanFactory.preInstantiateSingletons(DefaultListableBeanFactory.java:1121) ~[spring-beans-7.0.8.jar:7.0.8]
	at org.springframework.context.support.AbstractApplicationContext.finishBeanFactoryInitialization(AbstractApplicationContext.java:994) ~[spring-context-7.0.8.jar:7.0.8]
	at org.springframework.context.support.AbstractApplicationContext.refresh(AbstractApplicationContext.java:621) ~[spring-context-7.0.8.jar:7.0.8]
	at org.springframework.boot.web.server.servlet.context.ServletWebServerApplicationContext.refresh(ServletWebServerApplicationContext.java:143) ~[spring-boot-web-server-4.1.0.jar:4.1.0]
	at org.springframework.boot.SpringApplication.refresh(SpringApplication.java:756) ~[spring-boot-4.1.0.jar:4.1.0]
	at org.springframework.boot.SpringApplication.refreshContext(SpringApplication.java:445) ~[spring-boot-4.1.0.jar:4.1.0]
	at org.springframework.boot.SpringApplication.run(SpringApplication.java:321) ~[spring-boot-4.1.0.jar:4.1.0]
	at org.springframework.boot.SpringApplication.run(SpringApplication.java:1365) ~[spring-boot-4.1.0.jar:4.1.0]
	at org.springframework.boot.SpringApplication.run(SpringApplication.java:1354) ~[spring-boot-4.1.0.jar:4.1.0]
	at com.springboot.SpringSecurities.SpringSecuritiesApplication.main(SpringSecuritiesApplication.java:10) ~[classes/:na]
Caused by: org.springframework.beans.factory.UnsatisfiedDependencyException: Error creating bean with name 'securityFilterChain' defined in class path resource [com/springboot/SpringSecurities/SecurityConfig.class]: Unsatisfied dependency expressed through method 'securityFilterChain' parameter 0: Error creating bean with name 'org.springframework.security.config.annotation.web.configuration.HttpSecurityConfiguration.httpSecurity' defined in class path resource [org/springframework/security/config/annotation/web/configuration/HttpSecurityConfiguration.class]: Failed to instantiate [org.springframework.security.config.annotation.web.builders.HttpSecurity]: Factory method 'httpSecurity' threw exception with message: Error creating bean with name 'userDetailsService' defined in class path resource [com/springboot/SpringSecurities/SecurityConfig.class]: Failed to instantiate [org.springframework.security.core.userdetails.UserDetailsService]: Factory method 'userDetailsService' threw exception with message: PreparedStatementCallback; SQL [insert into users (username, password, enabled) values (?,?,?)]; Duplicate entry 'user1' for key 'users.PRIMARY'
	at org.springframework.beans.factory.support.ConstructorResolver.createArgumentArray(ConstructorResolver.java:804) ~[spring-beans-7.0.8.jar:7.0.8]
	at org.springframework.beans.factory.support.ConstructorResolver.instantiateUsingFactoryMethod(ConstructorResolver.java:546) ~[spring-beans-7.0.8.jar:7.0.8]
	at org.springframework.beans.factory.support.AbstractAutowireCapableBeanFactory.instantiateUsingFactoryMethod(AbstractAutowireCapableBeanFactory.java:1360) ~[spring-beans-7.0.8.jar:7.0.8]
	at org.springframework.beans.factory.support.AbstractAutowireCapableBeanFactory.createBeanInstance(AbstractAutowireCapableBeanFactory.java:1192) ~[spring-beans-7.0.8.jar:7.0.8]
	at org.springframework.beans.factory.support.AbstractAutowireCapableBeanFactory.doCreateBean(AbstractAutowireCapableBeanFactory.java:565) ~[spring-beans-7.0.8.jar:7.0.8]
	at org.springframework.beans.factory.support.AbstractAutowireCapableBeanFactory.createBean(AbstractAutowireCapableBeanFactory.java:525) ~[spring-beans-7.0.8.jar:7.0.8]
	at org.springframework.beans.factory.support.AbstractBeanFactory.lambda$doGetBean$0(AbstractBeanFactory.java:333) ~[spring-beans-7.0.8.jar:7.0.8]
	at org.springframework.beans.factory.support.DefaultSingletonBeanRegistry.getSingleton(DefaultSingletonBeanRegistry.java:371) ~[spring-beans-7.0.8.jar:7.0.8]
	at org.springframework.beans.factory.support.AbstractBeanFactory.doGetBean(AbstractBeanFactory.java:331) ~[spring-beans-7.0.8.jar:7.0.8]
	at org.springframework.beans.factory.support.AbstractBeanFactory.getBean(AbstractBeanFactory.java:201) ~[spring-beans-7.0.8.jar:7.0.8]
	at org.springframework.beans.factory.config.DependencyDescriptor.resolveCandidate(DependencyDescriptor.java:229) ~[spring-beans-7.0.8.jar:7.0.8]
	at org.springframework.beans.factory.support.DefaultListableBeanFactory.addCandidateEntry(DefaultListableBeanFactory.java:2015) ~[spring-beans-7.0.8.jar:7.0.8]
	at org.springframework.beans.factory.support.DefaultListableBeanFactory.findAutowireCandidates(DefaultListableBeanFactory.java:1978) ~[spring-beans-7.0.8.jar:7.0.8]
	at org.springframework.beans.factory.support.DefaultListableBeanFactory.resolveMultipleBeanCollection(DefaultListableBeanFactory.java:1870) ~[spring-beans-7.0.8.jar:7.0.8]
	at org.springframework.beans.factory.support.DefaultListableBeanFactory.resolveMultipleBeans(DefaultListableBeanFactory.java:1840) ~[spring-beans-7.0.8.jar:7.0.8]
	at org.springframework.beans.factory.support.DefaultListableBeanFactory.doResolveDependency(DefaultListableBeanFactory.java:1718) ~[spring-beans-7.0.8.jar:7.0.8]
	at org.springframework.beans.factory.support.DefaultListableBeanFactory.resolveDependency(DefaultListableBeanFactory.java:1658) ~[spring-beans-7.0.8.jar:7.0.8]
	at org.springframework.beans.factory.annotation.AutowiredAnnotationBeanPostProcessor$AutowiredMethodElement.resolveMethodArguments(AutowiredAnnotationBeanPostProcessor.java:864) ~[spring-beans-7.0.8.jar:7.0.8]
	... 22 common frames omitted
Caused by: org.springframework.beans.factory.BeanCreationException: Error creating bean with name 'org.springframework.security.config.annotation.web.configuration.HttpSecurityConfiguration.httpSecurity' defined in class path resource [org/springframework/security/config/annotation/web/configuration/HttpSecurityConfiguration.class]: Failed to instantiate [org.springframework.security.config.annotation.web.builders.HttpSecurity]: Factory method 'httpSecurity' threw exception with message: Error creating bean with name 'userDetailsService' defined in class path resource [com/springboot/SpringSecurities/SecurityConfig.class]: Failed to instantiate [org.springframework.security.core.userdetails.UserDetailsService]: Factory method 'userDetailsService' threw exception with message: PreparedStatementCallback; SQL [insert into users (username, password, enabled) values (?,?,?)]; Duplicate entry 'user1' for key 'users.PRIMARY'
	at org.springframework.beans.factory.support.ConstructorResolver.instantiate(ConstructorResolver.java:657) ~[spring-beans-7.0.8.jar:7.0.8]
	at org.springframework.beans.factory.support.ConstructorResolver.instantiateUsingFactoryMethod(ConstructorResolver.java:489) ~[spring-beans-7.0.8.jar:7.0.8]
	at org.springframework.beans.factory.support.AbstractAutowireCapableBeanFactory.instantiateUsingFactoryMethod(AbstractAutowireCapableBeanFactory.java:1360) ~[spring-beans-7.0.8.jar:7.0.8]
	at org.springframework.beans.factory.support.AbstractAutowireCapableBeanFactory.createBeanInstance(AbstractAutowireCapableBeanFactory.java:1192) ~[spring-beans-7.0.8.jar:7.0.8]
	at org.springframework.beans.factory.support.AbstractAutowireCapableBeanFactory.doCreateBean(AbstractAutowireCapableBeanFactory.java:565) ~[spring-beans-7.0.8.jar:7.0.8]
	at org.springframework.beans.factory.support.AbstractAutowireCapableBeanFactory.createBean(AbstractAutowireCapableBeanFactory.java:525) ~[spring-beans-7.0.8.jar:7.0.8]
	at org.springframework.beans.factory.support.AbstractBeanFactory.doGetBean(AbstractBeanFactory.java:351) ~[spring-beans-7.0.8.jar:7.0.8]
	at org.springframework.beans.factory.support.AbstractBeanFactory.getBean(AbstractBeanFactory.java:201) ~[spring-beans-7.0.8.jar:7.0.8]
	at org.springframework.beans.factory.config.DependencyDescriptor.resolveCandidate(DependencyDescriptor.java:229) ~[spring-beans-7.0.8.jar:7.0.8]
	at org.springframework.beans.factory.support.DefaultListableBeanFactory.doResolveDependency(DefaultListableBeanFactory.java:1769) ~[spring-beans-7.0.8.jar:7.0.8]
	at org.springframework.beans.factory.support.DefaultListableBeanFactory.resolveDependency(DefaultListableBeanFactory.java:1658) ~[spring-beans-7.0.8.jar:7.0.8]
	at org.springframework.beans.factory.support.ConstructorResolver.resolveAutowiredArgument(ConstructorResolver.java:912) ~[spring-beans-7.0.8.jar:7.0.8]
	at org.springframework.beans.factory.support.ConstructorResolver.createArgumentArray(ConstructorResolver.java:791) ~[spring-beans-7.0.8.jar:7.0.8]
	... 39 common frames omitted
Caused by: org.springframework.beans.BeanInstantiationException: Failed to instantiate [org.springframework.security.config.annotation.web.builders.HttpSecurity]: Factory method 'httpSecurity' threw exception with message: Error creating bean with name 'userDetailsService' defined in class path resource [com/springboot/SpringSecurities/SecurityConfig.class]: Failed to instantiate [org.springframework.security.core.userdetails.UserDetailsService]: Factory method 'userDetailsService' threw exception with message: PreparedStatementCallback; SQL [insert into users (username, password, enabled) values (?,?,?)]; Duplicate entry 'user1' for key 'users.PRIMARY'
	at org.springframework.beans.factory.support.SimpleInstantiationStrategy.lambda$instantiate$0(SimpleInstantiationStrategy.java:183) ~[spring-beans-7.0.8.jar:7.0.8]
	at org.springframework.beans.factory.support.SimpleInstantiationStrategy.instantiateWithFactoryMethod(SimpleInstantiationStrategy.java:72) ~[spring-beans-7.0.8.jar:7.0.8]
	at org.springframework.beans.factory.support.SimpleInstantiationStrategy.instantiate(SimpleInstantiationStrategy.java:152) ~[spring-beans-7.0.8.jar:7.0.8]
	at org.springframework.beans.factory.support.ConstructorResolver.instantiate(ConstructorResolver.java:653) ~[spring-beans-7.0.8.jar:7.0.8]
	... 51 common frames omitted
Caused by: org.springframework.beans.factory.BeanCreationException: Error creating bean with name 'userDetailsService' defined in class path resource [com/springboot/SpringSecurities/SecurityConfig.class]: Failed to instantiate [org.springframework.security.core.userdetails.UserDetailsService]: Factory method 'userDetailsService' threw exception with message: PreparedStatementCallback; SQL [insert into users (username, password, enabled) values (?,?,?)]; Duplicate entry 'user1' for key 'users.PRIMARY'
	at org.springframework.beans.factory.support.ConstructorResolver.instantiate(ConstructorResolver.java:657) ~[spring-beans-7.0.8.jar:7.0.8]
	at org.springframework.beans.factory.support.ConstructorResolver.instantiateUsingFactoryMethod(ConstructorResolver.java:489) ~[spring-beans-7.0.8.jar:7.0.8]
	at org.springframework.beans.factory.support.AbstractAutowireCapableBeanFactory.instantiateUsingFactoryMethod(AbstractAutowireCapableBeanFactory.java:1360) ~[spring-beans-7.0.8.jar:7.0.8]
	at org.springframework.beans.factory.support.AbstractAutowireCapableBeanFactory.createBeanInstance(AbstractAutowireCapableBeanFactory.java:1192) ~[spring-beans-7.0.8.jar:7.0.8]
	at org.springframework.beans.factory.support.AbstractAutowireCapableBeanFactory.doCreateBean(AbstractAutowireCapableBeanFactory.java:565) ~[spring-beans-7.0.8.jar:7.0.8]
	at org.springframework.beans.factory.support.AbstractAutowireCapableBeanFactory.createBean(AbstractAutowireCapableBeanFactory.java:525) ~[spring-beans-7.0.8.jar:7.0.8]
	at org.springframework.beans.factory.support.AbstractBeanFactory.lambda$doGetBean$0(AbstractBeanFactory.java:333) ~[spring-beans-7.0.8.jar:7.0.8]
	at org.springframework.beans.factory.support.DefaultSingletonBeanRegistry.getSingleton(DefaultSingletonBeanRegistry.java:371) ~[spring-beans-7.0.8.jar:7.0.8]
	at org.springframework.beans.factory.support.AbstractBeanFactory.doGetBean(AbstractBeanFactory.java:331) ~[spring-beans-7.0.8.jar:7.0.8]
	at org.springframework.beans.factory.support.AbstractBeanFactory.getBean(AbstractBeanFactory.java:201) ~[spring-beans-7.0.8.jar:7.0.8]
	at org.springframework.context.support.AbstractApplicationContext.getBean(AbstractApplicationContext.java:1305) ~[spring-context-7.0.8.jar:7.0.8]
	at org.springframework.security.config.annotation.authentication.configuration.InitializeUserDetailsBeanManagerConfigurer$InitializeUserDetailsManagerConfigurer.configure(InitializeUserDetailsBeanManagerConfigurer.java:94) ~[spring-security-config-7.1.0.jar:7.1.0]
	at org.springframework.security.config.annotation.authentication.configuration.InitializeUserDetailsBeanManagerConfigurer$InitializeUserDetailsManagerConfigurer.configure(InitializeUserDetailsBeanManagerConfigurer.java:63) ~[spring-security-config-7.1.0.jar:7.1.0]
	at org.springframework.security.config.annotation.AbstractConfiguredSecurityBuilder.configure(AbstractConfiguredSecurityBuilder.java:386) ~[spring-security-config-7.1.0.jar:7.1.0]
	at org.springframework.security.config.annotation.AbstractConfiguredSecurityBuilder.doBuild(AbstractConfiguredSecurityBuilder.java:336) ~[spring-security-config-7.1.0.jar:7.1.0]
	at org.springframework.security.config.annotation.AbstractSecurityBuilder.build(AbstractSecurityBuilder.java:38) ~[spring-security-config-7.1.0.jar:7.1.0]
	at org.springframework.security.config.annotation.authentication.configuration.AuthenticationConfiguration.getAuthenticationManager(AuthenticationConfiguration.java:122) ~[spring-security-config-7.1.0.jar:7.1.0]
	at org.springframework.security.config.annotation.web.configuration.HttpSecurityConfiguration.authenticationManager(HttpSecurityConfiguration.java:153) ~[spring-security-config-7.1.0.jar:7.1.0]
	at org.springframework.security.config.annotation.web.configuration.HttpSecurityConfiguration.httpSecurity(HttpSecurityConfiguration.java:120) ~[spring-security-config-7.1.0.jar:7.1.0]
	at java.base/jdk.internal.reflect.DirectMethodHandleAccessor.invoke(DirectMethodHandleAccessor.java:104) ~[na:na]
	at java.base/java.lang.reflect.Method.invoke(Method.java:565) ~[na:na]
	at org.springframework.beans.factory.support.SimpleInstantiationStrategy.lambda$instantiate$0(SimpleInstantiationStrategy.java:155) ~[spring-beans-7.0.8.jar:7.0.8]
	... 54 common frames omitted
Caused by: org.springframework.beans.BeanInstantiationException: Failed to instantiate [org.springframework.security.core.userdetails.UserDetailsService]: Factory method 'userDetailsService' threw exception with message: PreparedStatementCallback; SQL [insert into users (username, password, enabled) values (?,?,?)]; Duplicate entry 'user1' for key 'users.PRIMARY'
	at org.springframework.beans.factory.support.SimpleInstantiationStrategy.lambda$instantiate$0(SimpleInstantiationStrategy.java:183) ~[spring-beans-7.0.8.jar:7.0.8]
	at org.springframework.beans.factory.support.SimpleInstantiationStrategy.instantiateWithFactoryMethod(SimpleInstantiationStrategy.java:72) ~[spring-beans-7.0.8.jar:7.0.8]
	at org.springframework.beans.factory.support.SimpleInstantiationStrategy.instantiate(SimpleInstantiationStrategy.java:152) ~[spring-beans-7.0.8.jar:7.0.8]
	at org.springframework.beans.factory.support.ConstructorResolver.instantiate(ConstructorResolver.java:653) ~[spring-beans-7.0.8.jar:7.0.8]
	... 75 common frames omitted
Caused by: org.springframework.dao.DuplicateKeyException: PreparedStatementCallback; SQL [insert into users (username, password, enabled) values (?,?,?)]; Duplicate entry 'user1' for key 'users.PRIMARY'
	at org.springframework.jdbc.support.SQLExceptionSubclassTranslator.doTranslate(SQLExceptionSubclassTranslator.java:104) ~[spring-jdbc-7.0.8.jar:7.0.8]
	at org.springframework.jdbc.support.AbstractFallbackSQLExceptionTranslator.translate(AbstractFallbackSQLExceptionTranslator.java:102) ~[spring-jdbc-7.0.8.jar:7.0.8]
	at org.springframework.jdbc.core.JdbcTemplate.translateException(JdbcTemplate.java:1549) ~[spring-jdbc-7.0.8.jar:7.0.8]
	at org.springframework.jdbc.core.JdbcTemplate.execute(JdbcTemplate.java:689) ~[spring-jdbc-7.0.8.jar:7.0.8]
	at org.springframework.jdbc.core.JdbcTemplate.update(JdbcTemplate.java:966) ~[spring-jdbc-7.0.8.jar:7.0.8]
	at org.springframework.jdbc.core.JdbcTemplate.update(JdbcTemplate.java:1010) ~[spring-jdbc-7.0.8.jar:7.0.8]
	at org.springframework.security.provisioning.JdbcUserDetailsManager.createUser(JdbcUserDetailsManager.java:252) ~[spring-security-core-7.1.0.jar:7.1.0]
	at com.springboot.SpringSecurities.SecurityConfig.userDetailsService(SecurityConfig.java:48) ~[classes/:na]
	at com.springboot.SpringSecurities.SecurityConfig$$SpringCGLIB$$0.CGLIB$userDetailsService$0(<generated>) ~[classes/:na]
	at com.springboot.SpringSecurities.SecurityConfig$$SpringCGLIB$$FastClass$$1.invoke(<generated>) ~[classes/:na]
	at org.springframework.cglib.proxy.MethodProxy.invokeSuper(MethodProxy.java:258) ~[spring-core-7.0.8.jar:7.0.8]
	at org.springframework.context.annotation.ConfigurationClassEnhancer$BeanMethodInterceptor.intercept(ConfigurationClassEnhancer.java:398) ~[spring-context-7.0.8.jar:7.0.8]
	at com.springboot.SpringSecurities.SecurityConfig$$SpringCGLIB$$0.userDetailsService(<generated>) ~[classes/:na]
	at java.base/jdk.internal.reflect.DirectMethodHandleAccessor.invoke(DirectMethodHandleAccessor.java:104) ~[na:na]
	at java.base/java.lang.reflect.Method.invoke(Method.java:565) ~[na:na]
	at org.springframework.beans.factory.support.SimpleInstantiationStrategy.lambda$instantiate$0(SimpleInstantiationStrategy.java:155) ~[spring-beans-7.0.8.jar:7.0.8]
	... 78 common frames omitted
Caused by: java.sql.SQLIntegrityConstraintViolationException: Duplicate entry 'user1' for key 'users.PRIMARY'
	at com.mysql.cj.jdbc.exceptions.SQLError.createSQLException(SQLError.java:109) ~[mysql-connector-j-9.7.0.jar:9.7.0]
	at com.mysql.cj.jdbc.exceptions.SQLExceptionsMapping.translateException(SQLExceptionsMapping.java:114) ~[mysql-connector-j-9.7.0.jar:9.7.0]
	at com.mysql.cj.jdbc.ClientPreparedStatement.executeInternal(ClientPreparedStatement.java:988) ~[mysql-connector-j-9.7.0.jar:9.7.0]
	at com.mysql.cj.jdbc.ClientPreparedStatement.executeUpdateInternal(ClientPreparedStatement.java:1166) ~[mysql-connector-j-9.7.0.jar:9.7.0]
	at com.mysql.cj.jdbc.ClientPreparedStatement.executeUpdateInternal(ClientPreparedStatement.java:1101) ~[mysql-connector-j-9.7.0.jar:9.7.0]
	at com.mysql.cj.jdbc.ClientPreparedStatement.executeLargeUpdate(ClientPreparedStatement.java:1448) ~[mysql-connector-j-9.7.0.jar:9.7.0]
	at com.mysql.cj.jdbc.ClientPreparedStatement.executeUpdate(ClientPreparedStatement.java:1084) ~[mysql-connector-j-9.7.0.jar:9.7.0]
	at com.zaxxer.hikari.pool.ProxyPreparedStatement.executeUpdate(ProxyPreparedStatement.java:61) ~[HikariCP-7.0.2.jar:na]
	at com.zaxxer.hikari.pool.HikariProxyPreparedStatement.executeUpdate(HikariProxyPreparedStatement.java) ~[HikariCP-7.0.2.jar:na]
	at org.springframework.jdbc.core.JdbcTemplate.lambda$update$0(JdbcTemplate.java:971) ~[spring-jdbc-7.0.8.jar:7.0.8]
	at org.springframework.jdbc.core.JdbcTemplate.execute(JdbcTemplate.java:670) ~[spring-jdbc-7.0.8.jar:7.0.8]
	... 90 common frames omitted

2026-07-25T11:44:40.323+05:30  INFO 2299 --- [SpringSecurities] [main] c.s.S.SpringSecuritiesApplication        : Starting SpringSecuritiesApplication using Java 24.0.1 with PID 2299 (/Users/atharvaparkale/Personal/Dev/SpringBoot/SpringSecurities/target/classes started by atharvaparkale in /Users/atharvaparkale/Personal/Dev/SpringBoot/SpringSecurities)
2026-07-25T11:44:40.324+05:30 DEBUG 2299 --- [SpringSecurities] [main] c.s.S.SpringSecuritiesApplication        : Running with Spring Boot v4.1.0, Spring v7.0.8
2026-07-25T11:44:40.324+05:30  INFO 2299 --- [SpringSecurities] [main] c.s.S.SpringSecuritiesApplication        : No active profile set, falling back to 1 default profile: "default"
2026-07-25T11:44:40.518+05:30  INFO 2299 --- [SpringSecurities] [main] .s.d.r.c.RepositoryConfigurationDelegate : Multiple Spring Data modules found, entering strict repository configuration mode
2026-07-25T11:44:40.519+05:30  INFO 2299 --- [SpringSecurities] [main] .s.d.r.c.RepositoryConfigurationDelegate : Bootstrapping Spring Data JDBC repositories in DEFAULT mode.
2026-07-25T11:44:40.525+05:30  INFO 2299 --- [SpringSecurities] [main] .s.d.r.c.RepositoryConfigurationDelegate : Finished Spring Data repository scanning in 3 ms. Found 0 JDBC repository interfaces.
2026-07-25T11:44:40.528+05:30  INFO 2299 --- [SpringSecurities] [main] .s.d.r.c.RepositoryConfigurationDelegate : Multiple Spring Data modules found, entering strict repository configuration mode
2026-07-25T11:44:40.529+05:30  INFO 2299 --- [SpringSecurities] [main] .s.d.r.c.RepositoryConfigurationDelegate : Bootstrapping Spring Data JPA repositories in DEFAULT mode.
2026-07-25T11:44:40.531+05:30  INFO 2299 --- [SpringSecurities] [main] .s.d.r.c.RepositoryConfigurationDelegate : Finished Spring Data repository scanning in 0 ms. Found 0 JPA repository interfaces.
2026-07-25T11:44:40.659+05:30  INFO 2299 --- [SpringSecurities] [main] o.s.boot.tomcat.TomcatWebServer          : Tomcat initialized with port 8080 (http)
2026-07-25T11:44:40.663+05:30  INFO 2299 --- [SpringSecurities] [main] o.apache.catalina.core.StandardService   : Starting service [Tomcat]
2026-07-25T11:44:40.663+05:30  INFO 2299 --- [SpringSecurities] [main] o.apache.catalina.core.StandardEngine    : Starting Servlet engine: [Apache Tomcat/11.0.22]
2026-07-25T11:44:40.673+05:30  INFO 2299 --- [SpringSecurities] [main] b.w.c.s.WebApplicationContextInitializer : Root WebApplicationContext: initialization completed in 328 ms
2026-07-25T11:44:40.723+05:30  INFO 2299 --- [SpringSecurities] [main] org.hibernate.orm.jpa                    : HHH008540: Processing PersistenceUnitInfo [name: default]
2026-07-25T11:44:40.739+05:30  INFO 2299 --- [SpringSecurities] [main] org.hibernate.orm.core                   : HHH000001: Hibernate ORM core version 7.4.1.Final
2026-07-25T11:44:40.862+05:30  INFO 2299 --- [SpringSecurities] [main] o.s.o.j.p.SpringPersistenceUnitInfo      : No LoadTimeWeaver setup: ignoring JPA class transformer
2026-07-25T11:44:40.872+05:30  INFO 2299 --- [SpringSecurities] [main] com.zaxxer.hikari.HikariDataSource       : HikariPool-1 - Starting...
2026-07-25T11:44:40.989+05:30  INFO 2299 --- [SpringSecurities] [main] com.zaxxer.hikari.pool.HikariPool        : HikariPool-1 - Added connection com.mysql.cj.jdbc.ConnectionImpl@38968752
2026-07-25T11:44:40.990+05:30  INFO 2299 --- [SpringSecurities] [main] com.zaxxer.hikari.HikariDataSource       : HikariPool-1 - Start completed.
2026-07-25T11:44:41.007+05:30  WARN 2299 --- [SpringSecurities] [main] org.hibernate.orm.deprecation            : HHH90000025: MySQLDialect does not need to be specified explicitly using 'hibernate.dialect' (remove the property setting and it will be selected by default)
2026-07-25T11:44:41.012+05:30  INFO 2299 --- [SpringSecurities] [main] org.hibernate.orm.connections.pooling    : HHH10001005: Database info:
	Database JDBC URL [jdbc:mysql://localhost:3306/security_app]
	Database driver: MySQL Connector/J
	Database dialect: MySQLDialect
	Database version: 9.7.1
	Default catalog/schema: security_app/undefined
	Autocommit mode: undefined/unknown
	Isolation level: REPEATABLE_READ [default REPEATABLE_READ]
	JDBC fetch size: none
	Pool: DataSourceConnectionProvider
	Minimum pool size: undefined/unknown
	Maximum pool size: undefined/unknown
2026-07-25T11:44:41.121+05:30  INFO 2299 --- [SpringSecurities] [main] org.hibernate.orm.core                   : HHH000489: No JTA platform available (set 'hibernate.transaction.jta.platform' to enable JTA platform integration)
2026-07-25T11:44:41.140+05:30  INFO 2299 --- [SpringSecurities] [main] j.LocalContainerEntityManagerFactoryBean : Initialized JPA EntityManagerFactory for persistence unit 'default'
2026-07-25T11:44:41.162+05:30  WARN 2299 --- [SpringSecurities] [main] JpaBaseConfiguration$JpaWebConfiguration : spring.jpa.open-in-view is enabled by default. Therefore, database queries may be performed during view rendering. Explicitly configure spring.jpa.open-in-view to disable this warning
2026-07-25T11:44:41.193+05:30  INFO 2299 --- [SpringSecurities] [main] o.s.s.p.JdbcUserDetailsManager           : No authentication manager set. Reauthentication of users when changing passwords will not be performed.
2026-07-25T11:44:41.195+05:30  INFO 2299 --- [SpringSecurities] [main] r$InitializeUserDetailsManagerConfigurer : Global AuthenticationManager configured with UserDetailsService bean with name userDetailsService
2026-07-25T11:44:41.235+05:30 DEBUG 2299 --- [SpringSecurities] [main] o.s.s.web.DefaultSecurityFilterChain     : Will secure any request with filters: DisableEncodeUrlFilter, WebAsyncManagerIntegrationFilter, SecurityContextHolderFilter, HeaderWriterFilter, CsrfFilter, LogoutFilter, BasicAuthenticationFilter, RequestCacheAwareFilter, SecurityContextHolderAwareRequestFilter, AnonymousAuthenticationFilter, ExceptionTranslationFilter, AuthorizationFilter
2026-07-25T11:44:41.275+05:30 DEBUG 2299 --- [SpringSecurities] [main] s.w.s.m.m.a.RequestMappingHandlerMapping : 5 mappings in 'requestMappingHandlerMapping'
2026-07-25T11:44:41.284+05:30 DEBUG 2299 --- [SpringSecurities] [main] o.s.w.s.handler.SimpleUrlHandlerMapping  : Patterns [/webjars/**, /**] in 'resourceHandlerMapping'
2026-07-25T11:44:41.293+05:30 DEBUG 2299 --- [SpringSecurities] [main] s.w.s.m.m.a.RequestMappingHandlerAdapter : ControllerAdvice beans: 0 @ModelAttribute, 0 @InitBinder, 2 RequestBodyAdvice, 1 ResponseBodyAdvice
2026-07-25T11:44:41.305+05:30 DEBUG 2299 --- [SpringSecurities] [main] .m.m.a.ExceptionHandlerExceptionResolver : ControllerAdvice beans: 0 @ExceptionHandler, 1 ResponseBodyAdvice
2026-07-25T11:44:41.371+05:30  INFO 2299 --- [SpringSecurities] [main] o.s.boot.tomcat.TomcatWebServer          : Tomcat started on port 8080 (http) with context path '/'
2026-07-25T11:44:41.373+05:30  INFO 2299 --- [SpringSecurities] [main] c.s.S.SpringSecuritiesApplication        : Started SpringSecuritiesApplication in 1.18 seconds (process running for 1.387)
2026-07-25T11:50:43.302+05:30  INFO 2299 --- [SpringSecurities] [SpringApplicationShutdownHook] o.s.boot.tomcat.GracefulShutdown         : Commencing graceful shutdown. Waiting for active requests to complete
2026-07-25T11:50:43.306+05:30  INFO 2299 --- [SpringSecurities] [tomcat-shutdown] o.s.boot.tomcat.GracefulShutdown         : Graceful shutdown complete
2026-07-25T11:50:43.309+05:30  INFO 2299 --- [SpringSecurities] [SpringApplicationShutdownHook] j.LocalContainerEntityManagerFactoryBean : Closing JPA EntityManagerFactory for persistence unit 'default'
2026-07-25T11:50:43.310+05:30  INFO 2299 --- [SpringSecurities] [SpringApplicationShutdownHook] com.zaxxer.hikari.HikariDataSource       : HikariPool-1 - Shutdown initiated...
2026-07-25T11:50:43.313+05:30  INFO 2299 --- [SpringSecurities] [SpringApplicationShutdownHook] com.zaxxer.hikari.HikariDataSource       : HikariPool-1 - Shutdown completed.
2026-07-25T11:50:44.809+05:30  INFO 2603 --- [SpringSecurities] [main] c.s.S.SpringSecuritiesApplication        : Starting SpringSecuritiesApplication using Java 24.0.1 with PID 2603 (/Users/atharvaparkale/Personal/Dev/SpringBoot/SpringSecurities/target/classes started by atharvaparkale in /Users/atharvaparkale/Personal/Dev/SpringBoot/SpringSecurities)
2026-07-25T11:50:44.809+05:30 DEBUG 2603 --- [SpringSecurities] [main] c.s.S.SpringSecuritiesApplication        : Running with Spring Boot v4.1.0, Spring v7.0.8
2026-07-25T11:50:44.810+05:30  INFO 2603 --- [SpringSecurities] [main] c.s.S.SpringSecuritiesApplication        : No active profile set, falling back to 1 default profile: "default"
2026-07-25T11:50:45.010+05:30  INFO 2603 --- [SpringSecurities] [main] .s.d.r.c.RepositoryConfigurationDelegate : Multiple Spring Data modules found, entering strict repository configuration mode
2026-07-25T11:50:45.010+05:30  INFO 2603 --- [SpringSecurities] [main] .s.d.r.c.RepositoryConfigurationDelegate : Bootstrapping Spring Data JDBC repositories in DEFAULT mode.
2026-07-25T11:50:45.016+05:30  INFO 2603 --- [SpringSecurities] [main] .s.d.r.c.RepositoryConfigurationDelegate : Finished Spring Data repository scanning in 3 ms. Found 0 JDBC repository interfaces.
2026-07-25T11:50:45.019+05:30  INFO 2603 --- [SpringSecurities] [main] .s.d.r.c.RepositoryConfigurationDelegate : Multiple Spring Data modules found, entering strict repository configuration mode
2026-07-25T11:50:45.020+05:30  INFO 2603 --- [SpringSecurities] [main] .s.d.r.c.RepositoryConfigurationDelegate : Bootstrapping Spring Data JPA repositories in DEFAULT mode.
2026-07-25T11:50:45.021+05:30  INFO 2603 --- [SpringSecurities] [main] .s.d.r.c.RepositoryConfigurationDelegate : Finished Spring Data repository scanning in 0 ms. Found 0 JPA repository interfaces.
2026-07-25T11:50:45.144+05:30  INFO 2603 --- [SpringSecurities] [main] o.s.boot.tomcat.TomcatWebServer          : Tomcat initialized with port 8080 (http)
2026-07-25T11:50:45.151+05:30  INFO 2603 --- [SpringSecurities] [main] o.apache.catalina.core.StandardService   : Starting service [Tomcat]
2026-07-25T11:50:45.152+05:30  INFO 2603 --- [SpringSecurities] [main] o.apache.catalina.core.StandardEngine    : Starting Servlet engine: [Apache Tomcat/11.0.22]
2026-07-25T11:50:45.162+05:30  INFO 2603 --- [SpringSecurities] [main] b.w.c.s.WebApplicationContextInitializer : Root WebApplicationContext: initialization completed in 336 ms
2026-07-25T11:50:45.213+05:30  INFO 2603 --- [SpringSecurities] [main] org.hibernate.orm.jpa                    : HHH008540: Processing PersistenceUnitInfo [name: default]
2026-07-25T11:50:45.233+05:30  INFO 2603 --- [SpringSecurities] [main] org.hibernate.orm.core                   : HHH000001: Hibernate ORM core version 7.4.1.Final
2026-07-25T11:50:45.360+05:30  INFO 2603 --- [SpringSecurities] [main] o.s.o.j.p.SpringPersistenceUnitInfo      : No LoadTimeWeaver setup: ignoring JPA class transformer
2026-07-25T11:50:45.369+05:30  INFO 2603 --- [SpringSecurities] [main] com.zaxxer.hikari.HikariDataSource       : HikariPool-1 - Starting...
2026-07-25T11:50:45.486+05:30  INFO 2603 --- [SpringSecurities] [main] com.zaxxer.hikari.pool.HikariPool        : HikariPool-1 - Added connection com.mysql.cj.jdbc.ConnectionImpl@13662609
2026-07-25T11:50:45.487+05:30  INFO 2603 --- [SpringSecurities] [main] com.zaxxer.hikari.HikariDataSource       : HikariPool-1 - Start completed.
2026-07-25T11:50:45.505+05:30  WARN 2603 --- [SpringSecurities] [main] org.hibernate.orm.deprecation            : HHH90000025: MySQLDialect does not need to be specified explicitly using 'hibernate.dialect' (remove the property setting and it will be selected by default)
2026-07-25T11:50:45.510+05:30  INFO 2603 --- [SpringSecurities] [main] org.hibernate.orm.connections.pooling    : HHH10001005: Database info:
	Database JDBC URL [jdbc:mysql://localhost:3306/security_app]
	Database driver: MySQL Connector/J
	Database dialect: MySQLDialect
	Database version: 9.7.1
	Default catalog/schema: security_app/undefined
	Autocommit mode: undefined/unknown
	Isolation level: REPEATABLE_READ [default REPEATABLE_READ]
	JDBC fetch size: none
	Pool: DataSourceConnectionProvider
	Minimum pool size: undefined/unknown
	Maximum pool size: undefined/unknown
2026-07-25T11:50:45.628+05:30  INFO 2603 --- [SpringSecurities] [main] org.hibernate.orm.core                   : HHH000489: No JTA platform available (set 'hibernate.transaction.jta.platform' to enable JTA platform integration)
2026-07-25T11:50:45.647+05:30  INFO 2603 --- [SpringSecurities] [main] j.LocalContainerEntityManagerFactoryBean : Initialized JPA EntityManagerFactory for persistence unit 'default'
2026-07-25T11:50:45.669+05:30  WARN 2603 --- [SpringSecurities] [main] JpaBaseConfiguration$JpaWebConfiguration : spring.jpa.open-in-view is enabled by default. Therefore, database queries may be performed during view rendering. Explicitly configure spring.jpa.open-in-view to disable this warning
2026-07-25T11:50:45.901+05:30  INFO 2603 --- [SpringSecurities] [main] o.s.s.p.JdbcUserDetailsManager           : No authentication manager set. Reauthentication of users when changing passwords will not be performed.
2026-07-25T11:50:45.903+05:30  INFO 2603 --- [SpringSecurities] [main] r$InitializeUserDetailsManagerConfigurer : Global AuthenticationManager configured with UserDetailsService bean with name userDetailsService
2026-07-25T11:50:45.939+05:30 DEBUG 2603 --- [SpringSecurities] [main] o.s.s.web.DefaultSecurityFilterChain     : Will secure any request with filters: DisableEncodeUrlFilter, WebAsyncManagerIntegrationFilter, SecurityContextHolderFilter, HeaderWriterFilter, CsrfFilter, LogoutFilter, BasicAuthenticationFilter, RequestCacheAwareFilter, SecurityContextHolderAwareRequestFilter, AnonymousAuthenticationFilter, ExceptionTranslationFilter, AuthorizationFilter
2026-07-25T11:50:45.971+05:30 DEBUG 2603 --- [SpringSecurities] [main] s.w.s.m.m.a.RequestMappingHandlerMapping : 5 mappings in 'requestMappingHandlerMapping'
2026-07-25T11:50:45.979+05:30 DEBUG 2603 --- [SpringSecurities] [main] o.s.w.s.handler.SimpleUrlHandlerMapping  : Patterns [/webjars/**, /**] in 'resourceHandlerMapping'
2026-07-25T11:50:45.986+05:30 DEBUG 2603 --- [SpringSecurities] [main] s.w.s.m.m.a.RequestMappingHandlerAdapter : ControllerAdvice beans: 0 @ModelAttribute, 0 @InitBinder, 2 RequestBodyAdvice, 1 ResponseBodyAdvice
2026-07-25T11:50:45.997+05:30 DEBUG 2603 --- [SpringSecurities] [main] .m.m.a.ExceptionHandlerExceptionResolver : ControllerAdvice beans: 0 @ExceptionHandler, 1 ResponseBodyAdvice
2026-07-25T11:50:46.064+05:30  INFO 2603 --- [SpringSecurities] [main] o.s.boot.tomcat.TomcatWebServer          : Tomcat started on port 8080 (http) with context path '/'
2026-07-25T11:50:46.066+05:30  INFO 2603 --- [SpringSecurities] [main] c.s.S.SpringSecuritiesApplication        : Started SpringSecuritiesApplication in 1.419 seconds (process running for 1.658)
2026-07-25T11:52:06.963+05:30  INFO 2603 --- [SpringSecurities] [SpringApplicationShutdownHook] o.s.boot.tomcat.GracefulShutdown         : Commencing graceful shutdown. Waiting for active requests to complete
2026-07-25T11:52:06.968+05:30  INFO 2603 --- [SpringSecurities] [tomcat-shutdown] o.s.boot.tomcat.GracefulShutdown         : Graceful shutdown complete
2026-07-25T11:52:06.971+05:30  INFO 2603 --- [SpringSecurities] [SpringApplicationShutdownHook] j.LocalContainerEntityManagerFactoryBean : Closing JPA EntityManagerFactory for persistence unit 'default'
2026-07-25T11:52:06.973+05:30  INFO 2603 --- [SpringSecurities] [SpringApplicationShutdownHook] com.zaxxer.hikari.HikariDataSource       : HikariPool-1 - Shutdown initiated...
2026-07-25T11:52:06.978+05:30  INFO 2603 --- [SpringSecurities] [SpringApplicationShutdownHook] com.zaxxer.hikari.HikariDataSource       : HikariPool-1 - Shutdown completed.
2026-07-25T11:52:08.039+05:30  INFO 2828 --- [SpringSecurities] [main] c.s.S.SpringSecuritiesApplication        : Starting SpringSecuritiesApplication using Java 24.0.1 with PID 2828 (/Users/atharvaparkale/Personal/Dev/SpringBoot/SpringSecurities/target/classes started by atharvaparkale in /Users/atharvaparkale/Personal/Dev/SpringBoot/SpringSecurities)
2026-07-25T11:52:08.040+05:30 DEBUG 2828 --- [SpringSecurities] [main] c.s.S.SpringSecuritiesApplication        : Running with Spring Boot v4.1.0, Spring v7.0.8
2026-07-25T11:52:08.040+05:30  INFO 2828 --- [SpringSecurities] [main] c.s.S.SpringSecuritiesApplication        : No active profile set, falling back to 1 default profile: "default"
2026-07-25T11:52:08.294+05:30  INFO 2828 --- [SpringSecurities] [main] .s.d.r.c.RepositoryConfigurationDelegate : Multiple Spring Data modules found, entering strict repository configuration mode
2026-07-25T11:52:08.294+05:30  INFO 2828 --- [SpringSecurities] [main] .s.d.r.c.RepositoryConfigurationDelegate : Bootstrapping Spring Data JDBC repositories in DEFAULT mode.
2026-07-25T11:52:08.300+05:30  INFO 2828 --- [SpringSecurities] [main] .s.d.r.c.RepositoryConfigurationDelegate : Finished Spring Data repository scanning in 3 ms. Found 0 JDBC repository interfaces.
2026-07-25T11:52:08.303+05:30  INFO 2828 --- [SpringSecurities] [main] .s.d.r.c.RepositoryConfigurationDelegate : Multiple Spring Data modules found, entering strict repository configuration mode
2026-07-25T11:52:08.304+05:30  INFO 2828 --- [SpringSecurities] [main] .s.d.r.c.RepositoryConfigurationDelegate : Bootstrapping Spring Data JPA repositories in DEFAULT mode.
2026-07-25T11:52:08.309+05:30  INFO 2828 --- [SpringSecurities] [main] .s.d.r.c.RepositoryConfigurationDelegate : Finished Spring Data repository scanning in 0 ms. Found 0 JPA repository interfaces.
2026-07-25T11:52:08.451+05:30  INFO 2828 --- [SpringSecurities] [main] o.s.boot.tomcat.TomcatWebServer          : Tomcat initialized with port 8080 (http)
2026-07-25T11:52:08.456+05:30  INFO 2828 --- [SpringSecurities] [main] o.apache.catalina.core.StandardService   : Starting service [Tomcat]
2026-07-25T11:52:08.456+05:30  INFO 2828 --- [SpringSecurities] [main] o.apache.catalina.core.StandardEngine    : Starting Servlet engine: [Apache Tomcat/11.0.22]
2026-07-25T11:52:08.468+05:30  INFO 2828 --- [SpringSecurities] [main] b.w.c.s.WebApplicationContextInitializer : Root WebApplicationContext: initialization completed in 410 ms
2026-07-25T11:52:08.535+05:30  INFO 2828 --- [SpringSecurities] [main] org.hibernate.orm.jpa                    : HHH008540: Processing PersistenceUnitInfo [name: default]
2026-07-25T11:52:08.562+05:30  INFO 2828 --- [SpringSecurities] [main] org.hibernate.orm.core                   : HHH000001: Hibernate ORM core version 7.4.1.Final
2026-07-25T11:52:08.719+05:30  INFO 2828 --- [SpringSecurities] [main] o.s.o.j.p.SpringPersistenceUnitInfo      : No LoadTimeWeaver setup: ignoring JPA class transformer
2026-07-25T11:52:08.733+05:30  INFO 2828 --- [SpringSecurities] [main] com.zaxxer.hikari.HikariDataSource       : HikariPool-1 - Starting...
2026-07-25T11:52:08.920+05:30  INFO 2828 --- [SpringSecurities] [main] com.zaxxer.hikari.pool.HikariPool        : HikariPool-1 - Added connection com.mysql.cj.jdbc.ConnectionImpl@736788b
2026-07-25T11:52:08.921+05:30  INFO 2828 --- [SpringSecurities] [main] com.zaxxer.hikari.HikariDataSource       : HikariPool-1 - Start completed.
2026-07-25T11:52:08.944+05:30  WARN 2828 --- [SpringSecurities] [main] org.hibernate.orm.deprecation            : HHH90000025: MySQLDialect does not need to be specified explicitly using 'hibernate.dialect' (remove the property setting and it will be selected by default)
2026-07-25T11:52:08.950+05:30  INFO 2828 --- [SpringSecurities] [main] org.hibernate.orm.connections.pooling    : HHH10001005: Database info:
	Database JDBC URL [jdbc:mysql://localhost:3306/security_app]
	Database driver: MySQL Connector/J
	Database dialect: MySQLDialect
	Database version: 9.7.1
	Default catalog/schema: security_app/undefined
	Autocommit mode: undefined/unknown
	Isolation level: REPEATABLE_READ [default REPEATABLE_READ]
	JDBC fetch size: none
	Pool: DataSourceConnectionProvider
	Minimum pool size: undefined/unknown
	Maximum pool size: undefined/unknown
2026-07-25T11:52:09.080+05:30  INFO 2828 --- [SpringSecurities] [main] org.hibernate.orm.core                   : HHH000489: No JTA platform available (set 'hibernate.transaction.jta.platform' to enable JTA platform integration)
2026-07-25T11:52:09.104+05:30  INFO 2828 --- [SpringSecurities] [main] j.LocalContainerEntityManagerFactoryBean : Initialized JPA EntityManagerFactory for persistence unit 'default'
2026-07-25T11:52:09.129+05:30  WARN 2828 --- [SpringSecurities] [main] JpaBaseConfiguration$JpaWebConfiguration : spring.jpa.open-in-view is enabled by default. Therefore, database queries may be performed during view rendering. Explicitly configure spring.jpa.open-in-view to disable this warning
2026-07-25T11:52:09.574+05:30  WARN 2828 --- [SpringSecurities] [main] ConfigServletWebServerApplicationContext : Exception encountered during context initialization - cancelling refresh attempt: org.springframework.beans.factory.UnsatisfiedDependencyException: Error creating bean with name 'org.springframework.security.config.annotation.web.configuration.WebSecurityConfiguration': Unsatisfied dependency expressed through method 'setFilterChains' parameter 0: Error creating bean with name 'securityFilterChain' defined in class path resource [com/springboot/SpringSecurities/SecurityConfig.class]: Unsatisfied dependency expressed through method 'securityFilterChain' parameter 0: Error creating bean with name 'org.springframework.security.config.annotation.web.configuration.HttpSecurityConfiguration.httpSecurity' defined in class path resource [org/springframework/security/config/annotation/web/configuration/HttpSecurityConfiguration.class]: Failed to instantiate [org.springframework.security.config.annotation.web.builders.HttpSecurity]: Factory method 'httpSecurity' threw exception with message: Error creating bean with name 'userDetailsService' defined in class path resource [com/springboot/SpringSecurities/SecurityConfig.class]: Failed to instantiate [org.springframework.security.core.userdetails.UserDetailsService]: Factory method 'userDetailsService' threw exception with message: PreparedStatementCallback; SQL [insert into users (username, password, enabled) values (?,?,?)]; Duplicate entry 'user5' for key 'users.PRIMARY'
2026-07-25T11:52:09.574+05:30  INFO 2828 --- [SpringSecurities] [main] j.LocalContainerEntityManagerFactoryBean : Closing JPA EntityManagerFactory for persistence unit 'default'
2026-07-25T11:52:09.575+05:30  INFO 2828 --- [SpringSecurities] [main] com.zaxxer.hikari.HikariDataSource       : HikariPool-1 - Shutdown initiated...
2026-07-25T11:52:09.578+05:30  INFO 2828 --- [SpringSecurities] [main] com.zaxxer.hikari.HikariDataSource       : HikariPool-1 - Shutdown completed.
2026-07-25T11:52:09.578+05:30  INFO 2828 --- [SpringSecurities] [main] o.apache.catalina.core.StandardService   : Stopping service [Tomcat]
2026-07-25T11:52:09.582+05:30  INFO 2828 --- [SpringSecurities] [main] .s.b.a.l.ConditionEvaluationReportLogger : 

Error starting ApplicationContext. To display the condition evaluation report re-run your application with 'debug' enabled.
2026-07-25T11:52:09.586+05:30 ERROR 2828 --- [SpringSecurities] [main] o.s.boot.SpringApplication               : Application run failed

org.springframework.beans.factory.UnsatisfiedDependencyException: Error creating bean with name 'org.springframework.security.config.annotation.web.configuration.WebSecurityConfiguration': Unsatisfied dependency expressed through method 'setFilterChains' parameter 0: Error creating bean with name 'securityFilterChain' defined in class path resource [com/springboot/SpringSecurities/SecurityConfig.class]: Unsatisfied dependency expressed through method 'securityFilterChain' parameter 0: Error creating bean with name 'org.springframework.security.config.annotation.web.configuration.HttpSecurityConfiguration.httpSecurity' defined in class path resource [org/springframework/security/config/annotation/web/configuration/HttpSecurityConfiguration.class]: Failed to instantiate [org.springframework.security.config.annotation.web.builders.HttpSecurity]: Factory method 'httpSecurity' threw exception with message: Error creating bean with name 'userDetailsService' defined in class path resource [com/springboot/SpringSecurities/SecurityConfig.class]: Failed to instantiate [org.springframework.security.core.userdetails.UserDetailsService]: Factory method 'userDetailsService' threw exception with message: PreparedStatementCallback; SQL [insert into users (username, password, enabled) values (?,?,?)]; Duplicate entry 'user5' for key 'users.PRIMARY'
	at org.springframework.beans.factory.annotation.AutowiredAnnotationBeanPostProcessor$AutowiredMethodElement.resolveMethodArguments(AutowiredAnnotationBeanPostProcessor.java:872) ~[spring-beans-7.0.8.jar:7.0.8]
	at org.springframework.beans.factory.annotation.AutowiredAnnotationBeanPostProcessor$AutowiredMethodElement.inject(AutowiredAnnotationBeanPostProcessor.java:827) ~[spring-beans-7.0.8.jar:7.0.8]
	at org.springframework.beans.factory.annotation.InjectionMetadata.inject(InjectionMetadata.java:146) ~[spring-beans-7.0.8.jar:7.0.8]
	at org.springframework.beans.factory.annotation.AutowiredAnnotationBeanPostProcessor.postProcessProperties(AutowiredAnnotationBeanPostProcessor.java:493) ~[spring-beans-7.0.8.jar:7.0.8]
	at org.springframework.beans.factory.support.AbstractAutowireCapableBeanFactory.populateBean(AbstractAutowireCapableBeanFactory.java:1444) ~[spring-beans-7.0.8.jar:7.0.8]
	at org.springframework.beans.factory.support.AbstractAutowireCapableBeanFactory.doCreateBean(AbstractAutowireCapableBeanFactory.java:602) ~[spring-beans-7.0.8.jar:7.0.8]
	at org.springframework.beans.factory.support.AbstractAutowireCapableBeanFactory.createBean(AbstractAutowireCapableBeanFactory.java:525) ~[spring-beans-7.0.8.jar:7.0.8]
	at org.springframework.beans.factory.support.AbstractBeanFactory.lambda$doGetBean$0(AbstractBeanFactory.java:333) ~[spring-beans-7.0.8.jar:7.0.8]
	at org.springframework.beans.factory.support.DefaultSingletonBeanRegistry.getSingleton(DefaultSingletonBeanRegistry.java:371) ~[spring-beans-7.0.8.jar:7.0.8]
	at org.springframework.beans.factory.support.AbstractBeanFactory.doGetBean(AbstractBeanFactory.java:331) ~[spring-beans-7.0.8.jar:7.0.8]
	at org.springframework.beans.factory.support.AbstractBeanFactory.getBean(AbstractBeanFactory.java:196) ~[spring-beans-7.0.8.jar:7.0.8]
	at org.springframework.beans.factory.support.DefaultListableBeanFactory.instantiateSingleton(DefaultListableBeanFactory.java:1225) ~[spring-beans-7.0.8.jar:7.0.8]
	at org.springframework.beans.factory.support.DefaultListableBeanFactory.preInstantiateSingleton(DefaultListableBeanFactory.java:1191) ~[spring-beans-7.0.8.jar:7.0.8]
	at org.springframework.beans.factory.support.DefaultListableBeanFactory.preInstantiateSingletons(DefaultListableBeanFactory.java:1121) ~[spring-beans-7.0.8.jar:7.0.8]
	at org.springframework.context.support.AbstractApplicationContext.finishBeanFactoryInitialization(AbstractApplicationContext.java:994) ~[spring-context-7.0.8.jar:7.0.8]
	at org.springframework.context.support.AbstractApplicationContext.refresh(AbstractApplicationContext.java:621) ~[spring-context-7.0.8.jar:7.0.8]
	at org.springframework.boot.web.server.servlet.context.ServletWebServerApplicationContext.refresh(ServletWebServerApplicationContext.java:143) ~[spring-boot-web-server-4.1.0.jar:4.1.0]
	at org.springframework.boot.SpringApplication.refresh(SpringApplication.java:756) ~[spring-boot-4.1.0.jar:4.1.0]
	at org.springframework.boot.SpringApplication.refreshContext(SpringApplication.java:445) ~[spring-boot-4.1.0.jar:4.1.0]
	at org.springframework.boot.SpringApplication.run(SpringApplication.java:321) ~[spring-boot-4.1.0.jar:4.1.0]
	at org.springframework.boot.SpringApplication.run(SpringApplication.java:1365) ~[spring-boot-4.1.0.jar:4.1.0]
	at org.springframework.boot.SpringApplication.run(SpringApplication.java:1354) ~[spring-boot-4.1.0.jar:4.1.0]
	at com.springboot.SpringSecurities.SpringSecuritiesApplication.main(SpringSecuritiesApplication.java:10) ~[classes/:na]
Caused by: org.springframework.beans.factory.UnsatisfiedDependencyException: Error creating bean with name 'securityFilterChain' defined in class path resource [com/springboot/SpringSecurities/SecurityConfig.class]: Unsatisfied dependency expressed through method 'securityFilterChain' parameter 0: Error creating bean with name 'org.springframework.security.config.annotation.web.configuration.HttpSecurityConfiguration.httpSecurity' defined in class path resource [org/springframework/security/config/annotation/web/configuration/HttpSecurityConfiguration.class]: Failed to instantiate [org.springframework.security.config.annotation.web.builders.HttpSecurity]: Factory method 'httpSecurity' threw exception with message: Error creating bean with name 'userDetailsService' defined in class path resource [com/springboot/SpringSecurities/SecurityConfig.class]: Failed to instantiate [org.springframework.security.core.userdetails.UserDetailsService]: Factory method 'userDetailsService' threw exception with message: PreparedStatementCallback; SQL [insert into users (username, password, enabled) values (?,?,?)]; Duplicate entry 'user5' for key 'users.PRIMARY'
	at org.springframework.beans.factory.support.ConstructorResolver.createArgumentArray(ConstructorResolver.java:804) ~[spring-beans-7.0.8.jar:7.0.8]
	at org.springframework.beans.factory.support.ConstructorResolver.instantiateUsingFactoryMethod(ConstructorResolver.java:546) ~[spring-beans-7.0.8.jar:7.0.8]
	at org.springframework.beans.factory.support.AbstractAutowireCapableBeanFactory.instantiateUsingFactoryMethod(AbstractAutowireCapableBeanFactory.java:1360) ~[spring-beans-7.0.8.jar:7.0.8]
	at org.springframework.beans.factory.support.AbstractAutowireCapableBeanFactory.createBeanInstance(AbstractAutowireCapableBeanFactory.java:1192) ~[spring-beans-7.0.8.jar:7.0.8]
	at org.springframework.beans.factory.support.AbstractAutowireCapableBeanFactory.doCreateBean(AbstractAutowireCapableBeanFactory.java:565) ~[spring-beans-7.0.8.jar:7.0.8]
	at org.springframework.beans.factory.support.AbstractAutowireCapableBeanFactory.createBean(AbstractAutowireCapableBeanFactory.java:525) ~[spring-beans-7.0.8.jar:7.0.8]
	at org.springframework.beans.factory.support.AbstractBeanFactory.lambda$doGetBean$0(AbstractBeanFactory.java:333) ~[spring-beans-7.0.8.jar:7.0.8]
	at org.springframework.beans.factory.support.DefaultSingletonBeanRegistry.getSingleton(DefaultSingletonBeanRegistry.java:371) ~[spring-beans-7.0.8.jar:7.0.8]
	at org.springframework.beans.factory.support.AbstractBeanFactory.doGetBean(AbstractBeanFactory.java:331) ~[spring-beans-7.0.8.jar:7.0.8]
	at org.springframework.beans.factory.support.AbstractBeanFactory.getBean(AbstractBeanFactory.java:201) ~[spring-beans-7.0.8.jar:7.0.8]
	at org.springframework.beans.factory.config.DependencyDescriptor.resolveCandidate(DependencyDescriptor.java:229) ~[spring-beans-7.0.8.jar:7.0.8]
	at org.springframework.beans.factory.support.DefaultListableBeanFactory.addCandidateEntry(DefaultListableBeanFactory.java:2015) ~[spring-beans-7.0.8.jar:7.0.8]
	at org.springframework.beans.factory.support.DefaultListableBeanFactory.findAutowireCandidates(DefaultListableBeanFactory.java:1978) ~[spring-beans-7.0.8.jar:7.0.8]
	at org.springframework.beans.factory.support.DefaultListableBeanFactory.resolveMultipleBeanCollection(DefaultListableBeanFactory.java:1870) ~[spring-beans-7.0.8.jar:7.0.8]
	at org.springframework.beans.factory.support.DefaultListableBeanFactory.resolveMultipleBeans(DefaultListableBeanFactory.java:1840) ~[spring-beans-7.0.8.jar:7.0.8]
	at org.springframework.beans.factory.support.DefaultListableBeanFactory.doResolveDependency(DefaultListableBeanFactory.java:1718) ~[spring-beans-7.0.8.jar:7.0.8]
	at org.springframework.beans.factory.support.DefaultListableBeanFactory.resolveDependency(DefaultListableBeanFactory.java:1658) ~[spring-beans-7.0.8.jar:7.0.8]
	at org.springframework.beans.factory.annotation.AutowiredAnnotationBeanPostProcessor$AutowiredMethodElement.resolveMethodArguments(AutowiredAnnotationBeanPostProcessor.java:864) ~[spring-beans-7.0.8.jar:7.0.8]
	... 22 common frames omitted
Caused by: org.springframework.beans.factory.BeanCreationException: Error creating bean with name 'org.springframework.security.config.annotation.web.configuration.HttpSecurityConfiguration.httpSecurity' defined in class path resource [org/springframework/security/config/annotation/web/configuration/HttpSecurityConfiguration.class]: Failed to instantiate [org.springframework.security.config.annotation.web.builders.HttpSecurity]: Factory method 'httpSecurity' threw exception with message: Error creating bean with name 'userDetailsService' defined in class path resource [com/springboot/SpringSecurities/SecurityConfig.class]: Failed to instantiate [org.springframework.security.core.userdetails.UserDetailsService]: Factory method 'userDetailsService' threw exception with message: PreparedStatementCallback; SQL [insert into users (username, password, enabled) values (?,?,?)]; Duplicate entry 'user5' for key 'users.PRIMARY'
	at org.springframework.beans.factory.support.ConstructorResolver.instantiate(ConstructorResolver.java:657) ~[spring-beans-7.0.8.jar:7.0.8]
	at org.springframework.beans.factory.support.ConstructorResolver.instantiateUsingFactoryMethod(ConstructorResolver.java:489) ~[spring-beans-7.0.8.jar:7.0.8]
	at org.springframework.beans.factory.support.AbstractAutowireCapableBeanFactory.instantiateUsingFactoryMethod(AbstractAutowireCapableBeanFactory.java:1360) ~[spring-beans-7.0.8.jar:7.0.8]
	at org.springframework.beans.factory.support.AbstractAutowireCapableBeanFactory.createBeanInstance(AbstractAutowireCapableBeanFactory.java:1192) ~[spring-beans-7.0.8.jar:7.0.8]
	at org.springframework.beans.factory.support.AbstractAutowireCapableBeanFactory.doCreateBean(AbstractAutowireCapableBeanFactory.java:565) ~[spring-beans-7.0.8.jar:7.0.8]
	at org.springframework.beans.factory.support.AbstractAutowireCapableBeanFactory.createBean(AbstractAutowireCapableBeanFactory.java:525) ~[spring-beans-7.0.8.jar:7.0.8]
	at org.springframework.beans.factory.support.AbstractBeanFactory.doGetBean(AbstractBeanFactory.java:351) ~[spring-beans-7.0.8.jar:7.0.8]
	at org.springframework.beans.factory.support.AbstractBeanFactory.getBean(AbstractBeanFactory.java:201) ~[spring-beans-7.0.8.jar:7.0.8]
	at org.springframework.beans.factory.config.DependencyDescriptor.resolveCandidate(DependencyDescriptor.java:229) ~[spring-beans-7.0.8.jar:7.0.8]
	at org.springframework.beans.factory.support.DefaultListableBeanFactory.doResolveDependency(DefaultListableBeanFactory.java:1769) ~[spring-beans-7.0.8.jar:7.0.8]
	at org.springframework.beans.factory.support.DefaultListableBeanFactory.resolveDependency(DefaultListableBeanFactory.java:1658) ~[spring-beans-7.0.8.jar:7.0.8]
	at org.springframework.beans.factory.support.ConstructorResolver.resolveAutowiredArgument(ConstructorResolver.java:912) ~[spring-beans-7.0.8.jar:7.0.8]
	at org.springframework.beans.factory.support.ConstructorResolver.createArgumentArray(ConstructorResolver.java:791) ~[spring-beans-7.0.8.jar:7.0.8]
	... 39 common frames omitted
Caused by: org.springframework.beans.BeanInstantiationException: Failed to instantiate [org.springframework.security.config.annotation.web.builders.HttpSecurity]: Factory method 'httpSecurity' threw exception with message: Error creating bean with name 'userDetailsService' defined in class path resource [com/springboot/SpringSecurities/SecurityConfig.class]: Failed to instantiate [org.springframework.security.core.userdetails.UserDetailsService]: Factory method 'userDetailsService' threw exception with message: PreparedStatementCallback; SQL [insert into users (username, password, enabled) values (?,?,?)]; Duplicate entry 'user5' for key 'users.PRIMARY'
	at org.springframework.beans.factory.support.SimpleInstantiationStrategy.lambda$instantiate$0(SimpleInstantiationStrategy.java:183) ~[spring-beans-7.0.8.jar:7.0.8]
	at org.springframework.beans.factory.support.SimpleInstantiationStrategy.instantiateWithFactoryMethod(SimpleInstantiationStrategy.java:72) ~[spring-beans-7.0.8.jar:7.0.8]
	at org.springframework.beans.factory.support.SimpleInstantiationStrategy.instantiate(SimpleInstantiationStrategy.java:152) ~[spring-beans-7.0.8.jar:7.0.8]
	at org.springframework.beans.factory.support.ConstructorResolver.instantiate(ConstructorResolver.java:653) ~[spring-beans-7.0.8.jar:7.0.8]
	... 51 common frames omitted
Caused by: org.springframework.beans.factory.BeanCreationException: Error creating bean with name 'userDetailsService' defined in class path resource [com/springboot/SpringSecurities/SecurityConfig.class]: Failed to instantiate [org.springframework.security.core.userdetails.UserDetailsService]: Factory method 'userDetailsService' threw exception with message: PreparedStatementCallback; SQL [insert into users (username, password, enabled) values (?,?,?)]; Duplicate entry 'user5' for key 'users.PRIMARY'
	at org.springframework.beans.factory.support.ConstructorResolver.instantiate(ConstructorResolver.java:657) ~[spring-beans-7.0.8.jar:7.0.8]
	at org.springframework.beans.factory.support.ConstructorResolver.instantiateUsingFactoryMethod(ConstructorResolver.java:489) ~[spring-beans-7.0.8.jar:7.0.8]
	at org.springframework.beans.factory.support.AbstractAutowireCapableBeanFactory.instantiateUsingFactoryMethod(AbstractAutowireCapableBeanFactory.java:1360) ~[spring-beans-7.0.8.jar:7.0.8]
	at org.springframework.beans.factory.support.AbstractAutowireCapableBeanFactory.createBeanInstance(AbstractAutowireCapableBeanFactory.java:1192) ~[spring-beans-7.0.8.jar:7.0.8]
	at org.springframework.beans.factory.support.AbstractAutowireCapableBeanFactory.doCreateBean(AbstractAutowireCapableBeanFactory.java:565) ~[spring-beans-7.0.8.jar:7.0.8]
	at org.springframework.beans.factory.support.AbstractAutowireCapableBeanFactory.createBean(AbstractAutowireCapableBeanFactory.java:525) ~[spring-beans-7.0.8.jar:7.0.8]
	at org.springframework.beans.factory.support.AbstractBeanFactory.lambda$doGetBean$0(AbstractBeanFactory.java:333) ~[spring-beans-7.0.8.jar:7.0.8]
	at org.springframework.beans.factory.support.DefaultSingletonBeanRegistry.getSingleton(DefaultSingletonBeanRegistry.java:371) ~[spring-beans-7.0.8.jar:7.0.8]
	at org.springframework.beans.factory.support.AbstractBeanFactory.doGetBean(AbstractBeanFactory.java:331) ~[spring-beans-7.0.8.jar:7.0.8]
	at org.springframework.beans.factory.support.AbstractBeanFactory.getBean(AbstractBeanFactory.java:201) ~[spring-beans-7.0.8.jar:7.0.8]
	at org.springframework.context.support.AbstractApplicationContext.getBean(AbstractApplicationContext.java:1305) ~[spring-context-7.0.8.jar:7.0.8]
	at org.springframework.security.config.annotation.authentication.configuration.InitializeUserDetailsBeanManagerConfigurer$InitializeUserDetailsManagerConfigurer.configure(InitializeUserDetailsBeanManagerConfigurer.java:94) ~[spring-security-config-7.1.0.jar:7.1.0]
	at org.springframework.security.config.annotation.authentication.configuration.InitializeUserDetailsBeanManagerConfigurer$InitializeUserDetailsManagerConfigurer.configure(InitializeUserDetailsBeanManagerConfigurer.java:63) ~[spring-security-config-7.1.0.jar:7.1.0]
	at org.springframework.security.config.annotation.AbstractConfiguredSecurityBuilder.configure(AbstractConfiguredSecurityBuilder.java:386) ~[spring-security-config-7.1.0.jar:7.1.0]
	at org.springframework.security.config.annotation.AbstractConfiguredSecurityBuilder.doBuild(AbstractConfiguredSecurityBuilder.java:336) ~[spring-security-config-7.1.0.jar:7.1.0]
	at org.springframework.security.config.annotation.AbstractSecurityBuilder.build(AbstractSecurityBuilder.java:38) ~[spring-security-config-7.1.0.jar:7.1.0]
	at org.springframework.security.config.annotation.authentication.configuration.AuthenticationConfiguration.getAuthenticationManager(AuthenticationConfiguration.java:122) ~[spring-security-config-7.1.0.jar:7.1.0]
	at org.springframework.security.config.annotation.web.configuration.HttpSecurityConfiguration.authenticationManager(HttpSecurityConfiguration.java:153) ~[spring-security-config-7.1.0.jar:7.1.0]
	at org.springframework.security.config.annotation.web.configuration.HttpSecurityConfiguration.httpSecurity(HttpSecurityConfiguration.java:120) ~[spring-security-config-7.1.0.jar:7.1.0]
	at java.base/jdk.internal.reflect.DirectMethodHandleAccessor.invoke(DirectMethodHandleAccessor.java:104) ~[na:na]
	at java.base/java.lang.reflect.Method.invoke(Method.java:565) ~[na:na]
	at org.springframework.beans.factory.support.SimpleInstantiationStrategy.lambda$instantiate$0(SimpleInstantiationStrategy.java:155) ~[spring-beans-7.0.8.jar:7.0.8]
	... 54 common frames omitted
Caused by: org.springframework.beans.BeanInstantiationException: Failed to instantiate [org.springframework.security.core.userdetails.UserDetailsService]: Factory method 'userDetailsService' threw exception with message: PreparedStatementCallback; SQL [insert into users (username, password, enabled) values (?,?,?)]; Duplicate entry 'user5' for key 'users.PRIMARY'
	at org.springframework.beans.factory.support.SimpleInstantiationStrategy.lambda$instantiate$0(SimpleInstantiationStrategy.java:183) ~[spring-beans-7.0.8.jar:7.0.8]
	at org.springframework.beans.factory.support.SimpleInstantiationStrategy.instantiateWithFactoryMethod(SimpleInstantiationStrategy.java:72) ~[spring-beans-7.0.8.jar:7.0.8]
	at org.springframework.beans.factory.support.SimpleInstantiationStrategy.instantiate(SimpleInstantiationStrategy.java:152) ~[spring-beans-7.0.8.jar:7.0.8]
	at org.springframework.beans.factory.support.ConstructorResolver.instantiate(ConstructorResolver.java:653) ~[spring-beans-7.0.8.jar:7.0.8]
	... 75 common frames omitted
Caused by: org.springframework.dao.DuplicateKeyException: PreparedStatementCallback; SQL [insert into users (username, password, enabled) values (?,?,?)]; Duplicate entry 'user5' for key 'users.PRIMARY'
	at org.springframework.jdbc.support.SQLExceptionSubclassTranslator.doTranslate(SQLExceptionSubclassTranslator.java:104) ~[spring-jdbc-7.0.8.jar:7.0.8]
	at org.springframework.jdbc.support.AbstractFallbackSQLExceptionTranslator.translate(AbstractFallbackSQLExceptionTranslator.java:102) ~[spring-jdbc-7.0.8.jar:7.0.8]
	at org.springframework.jdbc.core.JdbcTemplate.translateException(JdbcTemplate.java:1549) ~[spring-jdbc-7.0.8.jar:7.0.8]
	at org.springframework.jdbc.core.JdbcTemplate.execute(JdbcTemplate.java:689) ~[spring-jdbc-7.0.8.jar:7.0.8]
	at org.springframework.jdbc.core.JdbcTemplate.update(JdbcTemplate.java:966) ~[spring-jdbc-7.0.8.jar:7.0.8]
	at org.springframework.jdbc.core.JdbcTemplate.update(JdbcTemplate.java:1010) ~[spring-jdbc-7.0.8.jar:7.0.8]
	at org.springframework.security.provisioning.JdbcUserDetailsManager.createUser(JdbcUserDetailsManager.java:252) ~[spring-security-core-7.1.0.jar:7.1.0]
	at com.springboot.SpringSecurities.SecurityConfig.userDetailsService(SecurityConfig.java:52) ~[classes/:na]
	at com.springboot.SpringSecurities.SecurityConfig$$SpringCGLIB$$0.CGLIB$userDetailsService$1(<generated>) ~[classes/:na]
	at com.springboot.SpringSecurities.SecurityConfig$$SpringCGLIB$$FastClass$$1.invoke(<generated>) ~[classes/:na]
	at org.springframework.cglib.proxy.MethodProxy.invokeSuper(MethodProxy.java:258) ~[spring-core-7.0.8.jar:7.0.8]
	at org.springframework.context.annotation.ConfigurationClassEnhancer$BeanMethodInterceptor.intercept(ConfigurationClassEnhancer.java:398) ~[spring-context-7.0.8.jar:7.0.8]
	at com.springboot.SpringSecurities.SecurityConfig$$SpringCGLIB$$0.userDetailsService(<generated>) ~[classes/:na]
	at java.base/jdk.internal.reflect.DirectMethodHandleAccessor.invoke(DirectMethodHandleAccessor.java:104) ~[na:na]
	at java.base/java.lang.reflect.Method.invoke(Method.java:565) ~[na:na]
	at org.springframework.beans.factory.support.SimpleInstantiationStrategy.lambda$instantiate$0(SimpleInstantiationStrategy.java:155) ~[spring-beans-7.0.8.jar:7.0.8]
	... 78 common frames omitted
Caused by: java.sql.SQLIntegrityConstraintViolationException: Duplicate entry 'user5' for key 'users.PRIMARY'
	at com.mysql.cj.jdbc.exceptions.SQLError.createSQLException(SQLError.java:109) ~[mysql-connector-j-9.7.0.jar:9.7.0]
	at com.mysql.cj.jdbc.exceptions.SQLExceptionsMapping.translateException(SQLExceptionsMapping.java:114) ~[mysql-connector-j-9.7.0.jar:9.7.0]
	at com.mysql.cj.jdbc.ClientPreparedStatement.executeInternal(ClientPreparedStatement.java:988) ~[mysql-connector-j-9.7.0.jar:9.7.0]
	at com.mysql.cj.jdbc.ClientPreparedStatement.executeUpdateInternal(ClientPreparedStatement.java:1166) ~[mysql-connector-j-9.7.0.jar:9.7.0]
	at com.mysql.cj.jdbc.ClientPreparedStatement.executeUpdateInternal(ClientPreparedStatement.java:1101) ~[mysql-connector-j-9.7.0.jar:9.7.0]
	at com.mysql.cj.jdbc.ClientPreparedStatement.executeLargeUpdate(ClientPreparedStatement.java:1448) ~[mysql-connector-j-9.7.0.jar:9.7.0]
	at com.mysql.cj.jdbc.ClientPreparedStatement.executeUpdate(ClientPreparedStatement.java:1084) ~[mysql-connector-j-9.7.0.jar:9.7.0]
	at com.zaxxer.hikari.pool.ProxyPreparedStatement.executeUpdate(ProxyPreparedStatement.java:61) ~[HikariCP-7.0.2.jar:na]
	at com.zaxxer.hikari.pool.HikariProxyPreparedStatement.executeUpdate(HikariProxyPreparedStatement.java) ~[HikariCP-7.0.2.jar:na]
	at org.springframework.jdbc.core.JdbcTemplate.lambda$update$0(JdbcTemplate.java:971) ~[spring-jdbc-7.0.8.jar:7.0.8]
	at org.springframework.jdbc.core.JdbcTemplate.execute(JdbcTemplate.java:670) ~[spring-jdbc-7.0.8.jar:7.0.8]
	... 90 common frames omitted

2026-07-25T11:53:52.197+05:30  INFO 2871 --- [SpringSecurities] [main] c.s.S.SpringSecuritiesApplication        : Starting SpringSecuritiesApplication using Java 24.0.1 with PID 2871 (/Users/atharvaparkale/Personal/Dev/SpringBoot/SpringSecurities/target/classes started by atharvaparkale in /Users/atharvaparkale/Personal/Dev/SpringBoot/SpringSecurities)
2026-07-25T11:53:52.198+05:30 DEBUG 2871 --- [SpringSecurities] [main] c.s.S.SpringSecuritiesApplication        : Running with Spring Boot v4.1.0, Spring v7.0.8
2026-07-25T11:53:52.198+05:30  INFO 2871 --- [SpringSecurities] [main] c.s.S.SpringSecuritiesApplication        : No active profile set, falling back to 1 default profile: "default"
2026-07-25T11:53:52.415+05:30  INFO 2871 --- [SpringSecurities] [main] .s.d.r.c.RepositoryConfigurationDelegate : Multiple Spring Data modules found, entering strict repository configuration mode
2026-07-25T11:53:52.416+05:30  INFO 2871 --- [SpringSecurities] [main] .s.d.r.c.RepositoryConfigurationDelegate : Bootstrapping Spring Data JDBC repositories in DEFAULT mode.
2026-07-25T11:53:52.421+05:30  INFO 2871 --- [SpringSecurities] [main] .s.d.r.c.RepositoryConfigurationDelegate : Finished Spring Data repository scanning in 3 ms. Found 0 JDBC repository interfaces.
2026-07-25T11:53:52.425+05:30  INFO 2871 --- [SpringSecurities] [main] .s.d.r.c.RepositoryConfigurationDelegate : Multiple Spring Data modules found, entering strict repository configuration mode
2026-07-25T11:53:52.425+05:30  INFO 2871 --- [SpringSecurities] [main] .s.d.r.c.RepositoryConfigurationDelegate : Bootstrapping Spring Data JPA repositories in DEFAULT mode.
2026-07-25T11:53:52.427+05:30  INFO 2871 --- [SpringSecurities] [main] .s.d.r.c.RepositoryConfigurationDelegate : Finished Spring Data repository scanning in 0 ms. Found 0 JPA repository interfaces.
2026-07-25T11:53:52.555+05:30  INFO 2871 --- [SpringSecurities] [main] o.s.boot.tomcat.TomcatWebServer          : Tomcat initialized with port 8080 (http)
2026-07-25T11:53:52.559+05:30  INFO 2871 --- [SpringSecurities] [main] o.apache.catalina.core.StandardService   : Starting service [Tomcat]
2026-07-25T11:53:52.559+05:30  INFO 2871 --- [SpringSecurities] [main] o.apache.catalina.core.StandardEngine    : Starting Servlet engine: [Apache Tomcat/11.0.22]
2026-07-25T11:53:52.570+05:30  INFO 2871 --- [SpringSecurities] [main] b.w.c.s.WebApplicationContextInitializer : Root WebApplicationContext: initialization completed in 353 ms
2026-07-25T11:53:52.626+05:30  INFO 2871 --- [SpringSecurities] [main] org.hibernate.orm.jpa                    : HHH008540: Processing PersistenceUnitInfo [name: default]
2026-07-25T11:53:52.647+05:30  INFO 2871 --- [SpringSecurities] [main] org.hibernate.orm.core                   : HHH000001: Hibernate ORM core version 7.4.1.Final
2026-07-25T11:53:52.773+05:30  INFO 2871 --- [SpringSecurities] [main] o.s.o.j.p.SpringPersistenceUnitInfo      : No LoadTimeWeaver setup: ignoring JPA class transformer
2026-07-25T11:53:52.783+05:30  INFO 2871 --- [SpringSecurities] [main] com.zaxxer.hikari.HikariDataSource       : HikariPool-1 - Starting...
2026-07-25T11:53:52.904+05:30  INFO 2871 --- [SpringSecurities] [main] com.zaxxer.hikari.pool.HikariPool        : HikariPool-1 - Added connection com.mysql.cj.jdbc.ConnectionImpl@736788b
2026-07-25T11:53:52.905+05:30  INFO 2871 --- [SpringSecurities] [main] com.zaxxer.hikari.HikariDataSource       : HikariPool-1 - Start completed.
2026-07-25T11:53:52.923+05:30  WARN 2871 --- [SpringSecurities] [main] org.hibernate.orm.deprecation            : HHH90000025: MySQLDialect does not need to be specified explicitly using 'hibernate.dialect' (remove the property setting and it will be selected by default)
2026-07-25T11:53:52.929+05:30  INFO 2871 --- [SpringSecurities] [main] org.hibernate.orm.connections.pooling    : HHH10001005: Database info:
	Database JDBC URL [jdbc:mysql://localhost:3306/security_app]
	Database driver: MySQL Connector/J
	Database dialect: MySQLDialect
	Database version: 9.7.1
	Default catalog/schema: security_app/undefined
	Autocommit mode: undefined/unknown
	Isolation level: REPEATABLE_READ [default REPEATABLE_READ]
	JDBC fetch size: none
	Pool: DataSourceConnectionProvider
	Minimum pool size: undefined/unknown
	Maximum pool size: undefined/unknown
2026-07-25T11:53:53.054+05:30  INFO 2871 --- [SpringSecurities] [main] org.hibernate.orm.core                   : HHH000489: No JTA platform available (set 'hibernate.transaction.jta.platform' to enable JTA platform integration)
2026-07-25T11:53:53.074+05:30  INFO 2871 --- [SpringSecurities] [main] j.LocalContainerEntityManagerFactoryBean : Initialized JPA EntityManagerFactory for persistence unit 'default'
2026-07-25T11:53:53.097+05:30  WARN 2871 --- [SpringSecurities] [main] JpaBaseConfiguration$JpaWebConfiguration : spring.jpa.open-in-view is enabled by default. Therefore, database queries may be performed during view rendering. Explicitly configure spring.jpa.open-in-view to disable this warning
2026-07-25T11:53:53.528+05:30  WARN 2871 --- [SpringSecurities] [main] ConfigServletWebServerApplicationContext : Exception encountered during context initialization - cancelling refresh attempt: org.springframework.beans.factory.UnsatisfiedDependencyException: Error creating bean with name 'org.springframework.security.config.annotation.web.configuration.WebSecurityConfiguration': Unsatisfied dependency expressed through method 'setFilterChains' parameter 0: Error creating bean with name 'securityFilterChain' defined in class path resource [com/springboot/SpringSecurities/SecurityConfig.class]: Unsatisfied dependency expressed through method 'securityFilterChain' parameter 0: Error creating bean with name 'org.springframework.security.config.annotation.web.configuration.HttpSecurityConfiguration.httpSecurity' defined in class path resource [org/springframework/security/config/annotation/web/configuration/HttpSecurityConfiguration.class]: Failed to instantiate [org.springframework.security.config.annotation.web.builders.HttpSecurity]: Factory method 'httpSecurity' threw exception with message: Error creating bean with name 'userDetailsService' defined in class path resource [com/springboot/SpringSecurities/SecurityConfig.class]: Failed to instantiate [org.springframework.security.core.userdetails.UserDetailsService]: Factory method 'userDetailsService' threw exception with message: PreparedStatementCallback; SQL [insert into users (username, password, enabled) values (?,?,?)]; Duplicate entry 'user5' for key 'users.PRIMARY'
2026-07-25T11:53:53.529+05:30  INFO 2871 --- [SpringSecurities] [main] j.LocalContainerEntityManagerFactoryBean : Closing JPA EntityManagerFactory for persistence unit 'default'
2026-07-25T11:53:53.529+05:30  INFO 2871 --- [SpringSecurities] [main] com.zaxxer.hikari.HikariDataSource       : HikariPool-1 - Shutdown initiated...
2026-07-25T11:53:53.532+05:30  INFO 2871 --- [SpringSecurities] [main] com.zaxxer.hikari.HikariDataSource       : HikariPool-1 - Shutdown completed.
2026-07-25T11:53:53.532+05:30  INFO 2871 --- [SpringSecurities] [main] o.apache.catalina.core.StandardService   : Stopping service [Tomcat]
2026-07-25T11:53:53.536+05:30  INFO 2871 --- [SpringSecurities] [main] .s.b.a.l.ConditionEvaluationReportLogger : 

Error starting ApplicationContext. To display the condition evaluation report re-run your application with 'debug' enabled.
2026-07-25T11:53:53.540+05:30 ERROR 2871 --- [SpringSecurities] [main] o.s.boot.SpringApplication               : Application run failed

org.springframework.beans.factory.UnsatisfiedDependencyException: Error creating bean with name 'org.springframework.security.config.annotation.web.configuration.WebSecurityConfiguration': Unsatisfied dependency expressed through method 'setFilterChains' parameter 0: Error creating bean with name 'securityFilterChain' defined in class path resource [com/springboot/SpringSecurities/SecurityConfig.class]: Unsatisfied dependency expressed through method 'securityFilterChain' parameter 0: Error creating bean with name 'org.springframework.security.config.annotation.web.configuration.HttpSecurityConfiguration.httpSecurity' defined in class path resource [org/springframework/security/config/annotation/web/configuration/HttpSecurityConfiguration.class]: Failed to instantiate [org.springframework.security.config.annotation.web.builders.HttpSecurity]: Factory method 'httpSecurity' threw exception with message: Error creating bean with name 'userDetailsService' defined in class path resource [com/springboot/SpringSecurities/SecurityConfig.class]: Failed to instantiate [org.springframework.security.core.userdetails.UserDetailsService]: Factory method 'userDetailsService' threw exception with message: PreparedStatementCallback; SQL [insert into users (username, password, enabled) values (?,?,?)]; Duplicate entry 'user5' for key 'users.PRIMARY'
	at org.springframework.beans.factory.annotation.AutowiredAnnotationBeanPostProcessor$AutowiredMethodElement.resolveMethodArguments(AutowiredAnnotationBeanPostProcessor.java:872) ~[spring-beans-7.0.8.jar:7.0.8]
	at org.springframework.beans.factory.annotation.AutowiredAnnotationBeanPostProcessor$AutowiredMethodElement.inject(AutowiredAnnotationBeanPostProcessor.java:827) ~[spring-beans-7.0.8.jar:7.0.8]
	at org.springframework.beans.factory.annotation.InjectionMetadata.inject(InjectionMetadata.java:146) ~[spring-beans-7.0.8.jar:7.0.8]
	at org.springframework.beans.factory.annotation.AutowiredAnnotationBeanPostProcessor.postProcessProperties(AutowiredAnnotationBeanPostProcessor.java:493) ~[spring-beans-7.0.8.jar:7.0.8]
	at org.springframework.beans.factory.support.AbstractAutowireCapableBeanFactory.populateBean(AbstractAutowireCapableBeanFactory.java:1444) ~[spring-beans-7.0.8.jar:7.0.8]
	at org.springframework.beans.factory.support.AbstractAutowireCapableBeanFactory.doCreateBean(AbstractAutowireCapableBeanFactory.java:602) ~[spring-beans-7.0.8.jar:7.0.8]
	at org.springframework.beans.factory.support.AbstractAutowireCapableBeanFactory.createBean(AbstractAutowireCapableBeanFactory.java:525) ~[spring-beans-7.0.8.jar:7.0.8]
	at org.springframework.beans.factory.support.AbstractBeanFactory.lambda$doGetBean$0(AbstractBeanFactory.java:333) ~[spring-beans-7.0.8.jar:7.0.8]
	at org.springframework.beans.factory.support.DefaultSingletonBeanRegistry.getSingleton(DefaultSingletonBeanRegistry.java:371) ~[spring-beans-7.0.8.jar:7.0.8]
	at org.springframework.beans.factory.support.AbstractBeanFactory.doGetBean(AbstractBeanFactory.java:331) ~[spring-beans-7.0.8.jar:7.0.8]
	at org.springframework.beans.factory.support.AbstractBeanFactory.getBean(AbstractBeanFactory.java:196) ~[spring-beans-7.0.8.jar:7.0.8]
	at org.springframework.beans.factory.support.DefaultListableBeanFactory.instantiateSingleton(DefaultListableBeanFactory.java:1225) ~[spring-beans-7.0.8.jar:7.0.8]
	at org.springframework.beans.factory.support.DefaultListableBeanFactory.preInstantiateSingleton(DefaultListableBeanFactory.java:1191) ~[spring-beans-7.0.8.jar:7.0.8]
	at org.springframework.beans.factory.support.DefaultListableBeanFactory.preInstantiateSingletons(DefaultListableBeanFactory.java:1121) ~[spring-beans-7.0.8.jar:7.0.8]
	at org.springframework.context.support.AbstractApplicationContext.finishBeanFactoryInitialization(AbstractApplicationContext.java:994) ~[spring-context-7.0.8.jar:7.0.8]
	at org.springframework.context.support.AbstractApplicationContext.refresh(AbstractApplicationContext.java:621) ~[spring-context-7.0.8.jar:7.0.8]
	at org.springframework.boot.web.server.servlet.context.ServletWebServerApplicationContext.refresh(ServletWebServerApplicationContext.java:143) ~[spring-boot-web-server-4.1.0.jar:4.1.0]
	at org.springframework.boot.SpringApplication.refresh(SpringApplication.java:756) ~[spring-boot-4.1.0.jar:4.1.0]
	at org.springframework.boot.SpringApplication.refreshContext(SpringApplication.java:445) ~[spring-boot-4.1.0.jar:4.1.0]
	at org.springframework.boot.SpringApplication.run(SpringApplication.java:321) ~[spring-boot-4.1.0.jar:4.1.0]
	at org.springframework.boot.SpringApplication.run(SpringApplication.java:1365) ~[spring-boot-4.1.0.jar:4.1.0]
	at org.springframework.boot.SpringApplication.run(SpringApplication.java:1354) ~[spring-boot-4.1.0.jar:4.1.0]
	at com.springboot.SpringSecurities.SpringSecuritiesApplication.main(SpringSecuritiesApplication.java:10) ~[classes/:na]
Caused by: org.springframework.beans.factory.UnsatisfiedDependencyException: Error creating bean with name 'securityFilterChain' defined in class path resource [com/springboot/SpringSecurities/SecurityConfig.class]: Unsatisfied dependency expressed through method 'securityFilterChain' parameter 0: Error creating bean with name 'org.springframework.security.config.annotation.web.configuration.HttpSecurityConfiguration.httpSecurity' defined in class path resource [org/springframework/security/config/annotation/web/configuration/HttpSecurityConfiguration.class]: Failed to instantiate [org.springframework.security.config.annotation.web.builders.HttpSecurity]: Factory method 'httpSecurity' threw exception with message: Error creating bean with name 'userDetailsService' defined in class path resource [com/springboot/SpringSecurities/SecurityConfig.class]: Failed to instantiate [org.springframework.security.core.userdetails.UserDetailsService]: Factory method 'userDetailsService' threw exception with message: PreparedStatementCallback; SQL [insert into users (username, password, enabled) values (?,?,?)]; Duplicate entry 'user5' for key 'users.PRIMARY'
	at org.springframework.beans.factory.support.ConstructorResolver.createArgumentArray(ConstructorResolver.java:804) ~[spring-beans-7.0.8.jar:7.0.8]
	at org.springframework.beans.factory.support.ConstructorResolver.instantiateUsingFactoryMethod(ConstructorResolver.java:546) ~[spring-beans-7.0.8.jar:7.0.8]
	at org.springframework.beans.factory.support.AbstractAutowireCapableBeanFactory.instantiateUsingFactoryMethod(AbstractAutowireCapableBeanFactory.java:1360) ~[spring-beans-7.0.8.jar:7.0.8]
	at org.springframework.beans.factory.support.AbstractAutowireCapableBeanFactory.createBeanInstance(AbstractAutowireCapableBeanFactory.java:1192) ~[spring-beans-7.0.8.jar:7.0.8]
	at org.springframework.beans.factory.support.AbstractAutowireCapableBeanFactory.doCreateBean(AbstractAutowireCapableBeanFactory.java:565) ~[spring-beans-7.0.8.jar:7.0.8]
	at org.springframework.beans.factory.support.AbstractAutowireCapableBeanFactory.createBean(AbstractAutowireCapableBeanFactory.java:525) ~[spring-beans-7.0.8.jar:7.0.8]
	at org.springframework.beans.factory.support.AbstractBeanFactory.lambda$doGetBean$0(AbstractBeanFactory.java:333) ~[spring-beans-7.0.8.jar:7.0.8]
	at org.springframework.beans.factory.support.DefaultSingletonBeanRegistry.getSingleton(DefaultSingletonBeanRegistry.java:371) ~[spring-beans-7.0.8.jar:7.0.8]
	at org.springframework.beans.factory.support.AbstractBeanFactory.doGetBean(AbstractBeanFactory.java:331) ~[spring-beans-7.0.8.jar:7.0.8]
	at org.springframework.beans.factory.support.AbstractBeanFactory.getBean(AbstractBeanFactory.java:201) ~[spring-beans-7.0.8.jar:7.0.8]
	at org.springframework.beans.factory.config.DependencyDescriptor.resolveCandidate(DependencyDescriptor.java:229) ~[spring-beans-7.0.8.jar:7.0.8]
	at org.springframework.beans.factory.support.DefaultListableBeanFactory.addCandidateEntry(DefaultListableBeanFactory.java:2015) ~[spring-beans-7.0.8.jar:7.0.8]
	at org.springframework.beans.factory.support.DefaultListableBeanFactory.findAutowireCandidates(DefaultListableBeanFactory.java:1978) ~[spring-beans-7.0.8.jar:7.0.8]
	at org.springframework.beans.factory.support.DefaultListableBeanFactory.resolveMultipleBeanCollection(DefaultListableBeanFactory.java:1870) ~[spring-beans-7.0.8.jar:7.0.8]
	at org.springframework.beans.factory.support.DefaultListableBeanFactory.resolveMultipleBeans(DefaultListableBeanFactory.java:1840) ~[spring-beans-7.0.8.jar:7.0.8]
	at org.springframework.beans.factory.support.DefaultListableBeanFactory.doResolveDependency(DefaultListableBeanFactory.java:1718) ~[spring-beans-7.0.8.jar:7.0.8]
	at org.springframework.beans.factory.support.DefaultListableBeanFactory.resolveDependency(DefaultListableBeanFactory.java:1658) ~[spring-beans-7.0.8.jar:7.0.8]
	at org.springframework.beans.factory.annotation.AutowiredAnnotationBeanPostProcessor$AutowiredMethodElement.resolveMethodArguments(AutowiredAnnotationBeanPostProcessor.java:864) ~[spring-beans-7.0.8.jar:7.0.8]
	... 22 common frames omitted
Caused by: org.springframework.beans.factory.BeanCreationException: Error creating bean with name 'org.springframework.security.config.annotation.web.configuration.HttpSecurityConfiguration.httpSecurity' defined in class path resource [org/springframework/security/config/annotation/web/configuration/HttpSecurityConfiguration.class]: Failed to instantiate [org.springframework.security.config.annotation.web.builders.HttpSecurity]: Factory method 'httpSecurity' threw exception with message: Error creating bean with name 'userDetailsService' defined in class path resource [com/springboot/SpringSecurities/SecurityConfig.class]: Failed to instantiate [org.springframework.security.core.userdetails.UserDetailsService]: Factory method 'userDetailsService' threw exception with message: PreparedStatementCallback; SQL [insert into users (username, password, enabled) values (?,?,?)]; Duplicate entry 'user5' for key 'users.PRIMARY'
	at org.springframework.beans.factory.support.ConstructorResolver.instantiate(ConstructorResolver.java:657) ~[spring-beans-7.0.8.jar:7.0.8]
	at org.springframework.beans.factory.support.ConstructorResolver.instantiateUsingFactoryMethod(ConstructorResolver.java:489) ~[spring-beans-7.0.8.jar:7.0.8]
	at org.springframework.beans.factory.support.AbstractAutowireCapableBeanFactory.instantiateUsingFactoryMethod(AbstractAutowireCapableBeanFactory.java:1360) ~[spring-beans-7.0.8.jar:7.0.8]
	at org.springframework.beans.factory.support.AbstractAutowireCapableBeanFactory.createBeanInstance(AbstractAutowireCapableBeanFactory.java:1192) ~[spring-beans-7.0.8.jar:7.0.8]
	at org.springframework.beans.factory.support.AbstractAutowireCapableBeanFactory.doCreateBean(AbstractAutowireCapableBeanFactory.java:565) ~[spring-beans-7.0.8.jar:7.0.8]
	at org.springframework.beans.factory.support.AbstractAutowireCapableBeanFactory.createBean(AbstractAutowireCapableBeanFactory.java:525) ~[spring-beans-7.0.8.jar:7.0.8]
	at org.springframework.beans.factory.support.AbstractBeanFactory.doGetBean(AbstractBeanFactory.java:351) ~[spring-beans-7.0.8.jar:7.0.8]
	at org.springframework.beans.factory.support.AbstractBeanFactory.getBean(AbstractBeanFactory.java:201) ~[spring-beans-7.0.8.jar:7.0.8]
	at org.springframework.beans.factory.config.DependencyDescriptor.resolveCandidate(DependencyDescriptor.java:229) ~[spring-beans-7.0.8.jar:7.0.8]
	at org.springframework.beans.factory.support.DefaultListableBeanFactory.doResolveDependency(DefaultListableBeanFactory.java:1769) ~[spring-beans-7.0.8.jar:7.0.8]
	at org.springframework.beans.factory.support.DefaultListableBeanFactory.resolveDependency(DefaultListableBeanFactory.java:1658) ~[spring-beans-7.0.8.jar:7.0.8]
	at org.springframework.beans.factory.support.ConstructorResolver.resolveAutowiredArgument(ConstructorResolver.java:912) ~[spring-beans-7.0.8.jar:7.0.8]
	at org.springframework.beans.factory.support.ConstructorResolver.createArgumentArray(ConstructorResolver.java:791) ~[spring-beans-7.0.8.jar:7.0.8]
	... 39 common frames omitted
Caused by: org.springframework.beans.BeanInstantiationException: Failed to instantiate [org.springframework.security.config.annotation.web.builders.HttpSecurity]: Factory method 'httpSecurity' threw exception with message: Error creating bean with name 'userDetailsService' defined in class path resource [com/springboot/SpringSecurities/SecurityConfig.class]: Failed to instantiate [org.springframework.security.core.userdetails.UserDetailsService]: Factory method 'userDetailsService' threw exception with message: PreparedStatementCallback; SQL [insert into users (username, password, enabled) values (?,?,?)]; Duplicate entry 'user5' for key 'users.PRIMARY'
	at org.springframework.beans.factory.support.SimpleInstantiationStrategy.lambda$instantiate$0(SimpleInstantiationStrategy.java:183) ~[spring-beans-7.0.8.jar:7.0.8]
	at org.springframework.beans.factory.support.SimpleInstantiationStrategy.instantiateWithFactoryMethod(SimpleInstantiationStrategy.java:72) ~[spring-beans-7.0.8.jar:7.0.8]
	at org.springframework.beans.factory.support.SimpleInstantiationStrategy.instantiate(SimpleInstantiationStrategy.java:152) ~[spring-beans-7.0.8.jar:7.0.8]
	at org.springframework.beans.factory.support.ConstructorResolver.instantiate(ConstructorResolver.java:653) ~[spring-beans-7.0.8.jar:7.0.8]
	... 51 common frames omitted
Caused by: org.springframework.beans.factory.BeanCreationException: Error creating bean with name 'userDetailsService' defined in class path resource [com/springboot/SpringSecurities/SecurityConfig.class]: Failed to instantiate [org.springframework.security.core.userdetails.UserDetailsService]: Factory method 'userDetailsService' threw exception with message: PreparedStatementCallback; SQL [insert into users (username, password, enabled) values (?,?,?)]; Duplicate entry 'user5' for key 'users.PRIMARY'
	at org.springframework.beans.factory.support.ConstructorResolver.instantiate(ConstructorResolver.java:657) ~[spring-beans-7.0.8.jar:7.0.8]
	at org.springframework.beans.factory.support.ConstructorResolver.instantiateUsingFactoryMethod(ConstructorResolver.java:489) ~[spring-beans-7.0.8.jar:7.0.8]
	at org.springframework.beans.factory.support.AbstractAutowireCapableBeanFactory.instantiateUsingFactoryMethod(AbstractAutowireCapableBeanFactory.java:1360) ~[spring-beans-7.0.8.jar:7.0.8]
	at org.springframework.beans.factory.support.AbstractAutowireCapableBeanFactory.createBeanInstance(AbstractAutowireCapableBeanFactory.java:1192) ~[spring-beans-7.0.8.jar:7.0.8]
	at org.springframework.beans.factory.support.AbstractAutowireCapableBeanFactory.doCreateBean(AbstractAutowireCapableBeanFactory.java:565) ~[spring-beans-7.0.8.jar:7.0.8]
	at org.springframework.beans.factory.support.AbstractAutowireCapableBeanFactory.createBean(AbstractAutowireCapableBeanFactory.java:525) ~[spring-beans-7.0.8.jar:7.0.8]
	at org.springframework.beans.factory.support.AbstractBeanFactory.lambda$doGetBean$0(AbstractBeanFactory.java:333) ~[spring-beans-7.0.8.jar:7.0.8]
	at org.springframework.beans.factory.support.DefaultSingletonBeanRegistry.getSingleton(DefaultSingletonBeanRegistry.java:371) ~[spring-beans-7.0.8.jar:7.0.8]
	at org.springframework.beans.factory.support.AbstractBeanFactory.doGetBean(AbstractBeanFactory.java:331) ~[spring-beans-7.0.8.jar:7.0.8]
	at org.springframework.beans.factory.support.AbstractBeanFactory.getBean(AbstractBeanFactory.java:201) ~[spring-beans-7.0.8.jar:7.0.8]
	at org.springframework.context.support.AbstractApplicationContext.getBean(AbstractApplicationContext.java:1305) ~[spring-context-7.0.8.jar:7.0.8]
	at org.springframework.security.config.annotation.authentication.configuration.InitializeUserDetailsBeanManagerConfigurer$InitializeUserDetailsManagerConfigurer.configure(InitializeUserDetailsBeanManagerConfigurer.java:94) ~[spring-security-config-7.1.0.jar:7.1.0]
	at org.springframework.security.config.annotation.authentication.configuration.InitializeUserDetailsBeanManagerConfigurer$InitializeUserDetailsManagerConfigurer.configure(InitializeUserDetailsBeanManagerConfigurer.java:63) ~[spring-security-config-7.1.0.jar:7.1.0]
	at org.springframework.security.config.annotation.AbstractConfiguredSecurityBuilder.configure(AbstractConfiguredSecurityBuilder.java:386) ~[spring-security-config-7.1.0.jar:7.1.0]
	at org.springframework.security.config.annotation.AbstractConfiguredSecurityBuilder.doBuild(AbstractConfiguredSecurityBuilder.java:336) ~[spring-security-config-7.1.0.jar:7.1.0]
	at org.springframework.security.config.annotation.AbstractSecurityBuilder.build(AbstractSecurityBuilder.java:38) ~[spring-security-config-7.1.0.jar:7.1.0]
	at org.springframework.security.config.annotation.authentication.configuration.AuthenticationConfiguration.getAuthenticationManager(AuthenticationConfiguration.java:122) ~[spring-security-config-7.1.0.jar:7.1.0]
	at org.springframework.security.config.annotation.web.configuration.HttpSecurityConfiguration.authenticationManager(HttpSecurityConfiguration.java:153) ~[spring-security-config-7.1.0.jar:7.1.0]
	at org.springframework.security.config.annotation.web.configuration.HttpSecurityConfiguration.httpSecurity(HttpSecurityConfiguration.java:120) ~[spring-security-config-7.1.0.jar:7.1.0]
	at java.base/jdk.internal.reflect.DirectMethodHandleAccessor.invoke(DirectMethodHandleAccessor.java:104) ~[na:na]
	at java.base/java.lang.reflect.Method.invoke(Method.java:565) ~[na:na]
	at org.springframework.beans.factory.support.SimpleInstantiationStrategy.lambda$instantiate$0(SimpleInstantiationStrategy.java:155) ~[spring-beans-7.0.8.jar:7.0.8]
	... 54 common frames omitted
Caused by: org.springframework.beans.BeanInstantiationException: Failed to instantiate [org.springframework.security.core.userdetails.UserDetailsService]: Factory method 'userDetailsService' threw exception with message: PreparedStatementCallback; SQL [insert into users (username, password, enabled) values (?,?,?)]; Duplicate entry 'user5' for key 'users.PRIMARY'
	at org.springframework.beans.factory.support.SimpleInstantiationStrategy.lambda$instantiate$0(SimpleInstantiationStrategy.java:183) ~[spring-beans-7.0.8.jar:7.0.8]
	at org.springframework.beans.factory.support.SimpleInstantiationStrategy.instantiateWithFactoryMethod(SimpleInstantiationStrategy.java:72) ~[spring-beans-7.0.8.jar:7.0.8]
	at org.springframework.beans.factory.support.SimpleInstantiationStrategy.instantiate(SimpleInstantiationStrategy.java:152) ~[spring-beans-7.0.8.jar:7.0.8]
	at org.springframework.beans.factory.support.ConstructorResolver.instantiate(ConstructorResolver.java:653) ~[spring-beans-7.0.8.jar:7.0.8]
	... 75 common frames omitted
Caused by: org.springframework.dao.DuplicateKeyException: PreparedStatementCallback; SQL [insert into users (username, password, enabled) values (?,?,?)]; Duplicate entry 'user5' for key 'users.PRIMARY'
	at org.springframework.jdbc.support.SQLExceptionSubclassTranslator.doTranslate(SQLExceptionSubclassTranslator.java:104) ~[spring-jdbc-7.0.8.jar:7.0.8]
	at org.springframework.jdbc.support.AbstractFallbackSQLExceptionTranslator.translate(AbstractFallbackSQLExceptionTranslator.java:102) ~[spring-jdbc-7.0.8.jar:7.0.8]
	at org.springframework.jdbc.core.JdbcTemplate.translateException(JdbcTemplate.java:1549) ~[spring-jdbc-7.0.8.jar:7.0.8]
	at org.springframework.jdbc.core.JdbcTemplate.execute(JdbcTemplate.java:689) ~[spring-jdbc-7.0.8.jar:7.0.8]
	at org.springframework.jdbc.core.JdbcTemplate.update(JdbcTemplate.java:966) ~[spring-jdbc-7.0.8.jar:7.0.8]
	at org.springframework.jdbc.core.JdbcTemplate.update(JdbcTemplate.java:1010) ~[spring-jdbc-7.0.8.jar:7.0.8]
	at org.springframework.security.provisioning.JdbcUserDetailsManager.createUser(JdbcUserDetailsManager.java:252) ~[spring-security-core-7.1.0.jar:7.1.0]
	at com.springboot.SpringSecurities.SecurityConfig.userDetailsService(SecurityConfig.java:52) ~[classes/:na]
	at com.springboot.SpringSecurities.SecurityConfig$$SpringCGLIB$$0.CGLIB$userDetailsService$2(<generated>) ~[classes/:na]
	at com.springboot.SpringSecurities.SecurityConfig$$SpringCGLIB$$FastClass$$1.invoke(<generated>) ~[classes/:na]
	at org.springframework.cglib.proxy.MethodProxy.invokeSuper(MethodProxy.java:258) ~[spring-core-7.0.8.jar:7.0.8]
	at org.springframework.context.annotation.ConfigurationClassEnhancer$BeanMethodInterceptor.intercept(ConfigurationClassEnhancer.java:398) ~[spring-context-7.0.8.jar:7.0.8]
	at com.springboot.SpringSecurities.SecurityConfig$$SpringCGLIB$$0.userDetailsService(<generated>) ~[classes/:na]
	at java.base/jdk.internal.reflect.DirectMethodHandleAccessor.invoke(DirectMethodHandleAccessor.java:104) ~[na:na]
	at java.base/java.lang.reflect.Method.invoke(Method.java:565) ~[na:na]
	at org.springframework.beans.factory.support.SimpleInstantiationStrategy.lambda$instantiate$0(SimpleInstantiationStrategy.java:155) ~[spring-beans-7.0.8.jar:7.0.8]
	... 78 common frames omitted
Caused by: java.sql.SQLIntegrityConstraintViolationException: Duplicate entry 'user5' for key 'users.PRIMARY'
	at com.mysql.cj.jdbc.exceptions.SQLError.createSQLException(SQLError.java:109) ~[mysql-connector-j-9.7.0.jar:9.7.0]
	at com.mysql.cj.jdbc.exceptions.SQLExceptionsMapping.translateException(SQLExceptionsMapping.java:114) ~[mysql-connector-j-9.7.0.jar:9.7.0]
	at com.mysql.cj.jdbc.ClientPreparedStatement.executeInternal(ClientPreparedStatement.java:988) ~[mysql-connector-j-9.7.0.jar:9.7.0]
	at com.mysql.cj.jdbc.ClientPreparedStatement.executeUpdateInternal(ClientPreparedStatement.java:1166) ~[mysql-connector-j-9.7.0.jar:9.7.0]
	at com.mysql.cj.jdbc.ClientPreparedStatement.executeUpdateInternal(ClientPreparedStatement.java:1101) ~[mysql-connector-j-9.7.0.jar:9.7.0]
	at com.mysql.cj.jdbc.ClientPreparedStatement.executeLargeUpdate(ClientPreparedStatement.java:1448) ~[mysql-connector-j-9.7.0.jar:9.7.0]
	at com.mysql.cj.jdbc.ClientPreparedStatement.executeUpdate(ClientPreparedStatement.java:1084) ~[mysql-connector-j-9.7.0.jar:9.7.0]
	at com.zaxxer.hikari.pool.ProxyPreparedStatement.executeUpdate(ProxyPreparedStatement.java:61) ~[HikariCP-7.0.2.jar:na]
	at com.zaxxer.hikari.pool.HikariProxyPreparedStatement.executeUpdate(HikariProxyPreparedStatement.java) ~[HikariCP-7.0.2.jar:na]
	at org.springframework.jdbc.core.JdbcTemplate.lambda$update$0(JdbcTemplate.java:971) ~[spring-jdbc-7.0.8.jar:7.0.8]
	at org.springframework.jdbc.core.JdbcTemplate.execute(JdbcTemplate.java:670) ~[spring-jdbc-7.0.8.jar:7.0.8]
	... 90 common frames omitted

2026-07-25T11:56:56.344+05:30  INFO 2933 --- [SpringSecurities] [main] c.s.S.SpringSecuritiesApplication        : Starting SpringSecuritiesApplication using Java 24.0.1 with PID 2933 (/Users/atharvaparkale/Personal/Dev/SpringBoot/SpringSecurities/target/classes started by atharvaparkale in /Users/atharvaparkale/Personal/Dev/SpringBoot/SpringSecurities)
2026-07-25T11:56:56.345+05:30 DEBUG 2933 --- [SpringSecurities] [main] c.s.S.SpringSecuritiesApplication        : Running with Spring Boot v4.1.0, Spring v7.0.8
2026-07-25T11:56:56.345+05:30  INFO 2933 --- [SpringSecurities] [main] c.s.S.SpringSecuritiesApplication        : No active profile set, falling back to 1 default profile: "default"
2026-07-25T11:56:56.553+05:30  INFO 2933 --- [SpringSecurities] [main] .s.d.r.c.RepositoryConfigurationDelegate : Multiple Spring Data modules found, entering strict repository configuration mode
2026-07-25T11:56:56.553+05:30  INFO 2933 --- [SpringSecurities] [main] .s.d.r.c.RepositoryConfigurationDelegate : Bootstrapping Spring Data JDBC repositories in DEFAULT mode.
2026-07-25T11:56:56.559+05:30  INFO 2933 --- [SpringSecurities] [main] .s.d.r.c.RepositoryConfigurationDelegate : Finished Spring Data repository scanning in 4 ms. Found 0 JDBC repository interfaces.
2026-07-25T11:56:56.564+05:30  INFO 2933 --- [SpringSecurities] [main] .s.d.r.c.RepositoryConfigurationDelegate : Multiple Spring Data modules found, entering strict repository configuration mode
2026-07-25T11:56:56.564+05:30  INFO 2933 --- [SpringSecurities] [main] .s.d.r.c.RepositoryConfigurationDelegate : Bootstrapping Spring Data JPA repositories in DEFAULT mode.
2026-07-25T11:56:56.566+05:30  INFO 2933 --- [SpringSecurities] [main] .s.d.r.c.RepositoryConfigurationDelegate : Finished Spring Data repository scanning in 0 ms. Found 0 JPA repository interfaces.
2026-07-25T11:56:56.700+05:30  INFO 2933 --- [SpringSecurities] [main] o.s.boot.tomcat.TomcatWebServer          : Tomcat initialized with port 8080 (http)
2026-07-25T11:56:56.705+05:30  INFO 2933 --- [SpringSecurities] [main] o.apache.catalina.core.StandardService   : Starting service [Tomcat]
2026-07-25T11:56:56.705+05:30  INFO 2933 --- [SpringSecurities] [main] o.apache.catalina.core.StandardEngine    : Starting Servlet engine: [Apache Tomcat/11.0.22]
2026-07-25T11:56:56.716+05:30  INFO 2933 --- [SpringSecurities] [main] b.w.c.s.WebApplicationContextInitializer : Root WebApplicationContext: initialization completed in 357 ms
2026-07-25T11:56:56.774+05:30  INFO 2933 --- [SpringSecurities] [main] org.hibernate.orm.jpa                    : HHH008540: Processing PersistenceUnitInfo [name: default]
2026-07-25T11:56:56.795+05:30  INFO 2933 --- [SpringSecurities] [main] org.hibernate.orm.core                   : HHH000001: Hibernate ORM core version 7.4.1.Final
2026-07-25T11:56:56.924+05:30  INFO 2933 --- [SpringSecurities] [main] o.s.o.j.p.SpringPersistenceUnitInfo      : No LoadTimeWeaver setup: ignoring JPA class transformer
2026-07-25T11:56:56.933+05:30  INFO 2933 --- [SpringSecurities] [main] com.zaxxer.hikari.HikariDataSource       : HikariPool-1 - Starting...
2026-07-25T11:56:57.058+05:30  INFO 2933 --- [SpringSecurities] [main] com.zaxxer.hikari.pool.HikariPool        : HikariPool-1 - Added connection com.mysql.cj.jdbc.ConnectionImpl@736788b
2026-07-25T11:56:57.059+05:30  INFO 2933 --- [SpringSecurities] [main] com.zaxxer.hikari.HikariDataSource       : HikariPool-1 - Start completed.
2026-07-25T11:56:57.078+05:30  WARN 2933 --- [SpringSecurities] [main] org.hibernate.orm.deprecation            : HHH90000025: MySQLDialect does not need to be specified explicitly using 'hibernate.dialect' (remove the property setting and it will be selected by default)
2026-07-25T11:56:57.083+05:30  INFO 2933 --- [SpringSecurities] [main] org.hibernate.orm.connections.pooling    : HHH10001005: Database info:
	Database JDBC URL [jdbc:mysql://localhost:3306/security_app]
	Database driver: MySQL Connector/J
	Database dialect: MySQLDialect
	Database version: 9.7.1
	Default catalog/schema: security_app/undefined
	Autocommit mode: undefined/unknown
	Isolation level: REPEATABLE_READ [default REPEATABLE_READ]
	JDBC fetch size: none
	Pool: DataSourceConnectionProvider
	Minimum pool size: undefined/unknown
	Maximum pool size: undefined/unknown
2026-07-25T11:56:57.212+05:30  INFO 2933 --- [SpringSecurities] [main] org.hibernate.orm.core                   : HHH000489: No JTA platform available (set 'hibernate.transaction.jta.platform' to enable JTA platform integration)
2026-07-25T11:56:57.232+05:30  INFO 2933 --- [SpringSecurities] [main] j.LocalContainerEntityManagerFactoryBean : Initialized JPA EntityManagerFactory for persistence unit 'default'
2026-07-25T11:56:57.255+05:30  WARN 2933 --- [SpringSecurities] [main] JpaBaseConfiguration$JpaWebConfiguration : spring.jpa.open-in-view is enabled by default. Therefore, database queries may be performed during view rendering. Explicitly configure spring.jpa.open-in-view to disable this warning
2026-07-25T11:56:57.689+05:30  WARN 2933 --- [SpringSecurities] [main] ConfigServletWebServerApplicationContext : Exception encountered during context initialization - cancelling refresh attempt: org.springframework.beans.factory.UnsatisfiedDependencyException: Error creating bean with name 'org.springframework.security.config.annotation.web.configuration.WebSecurityConfiguration': Unsatisfied dependency expressed through method 'setFilterChains' parameter 0: Error creating bean with name 'securityFilterChain' defined in class path resource [com/springboot/SpringSecurities/SecurityConfig.class]: Unsatisfied dependency expressed through method 'securityFilterChain' parameter 0: Error creating bean with name 'org.springframework.security.config.annotation.web.configuration.HttpSecurityConfiguration.httpSecurity' defined in class path resource [org/springframework/security/config/annotation/web/configuration/HttpSecurityConfiguration.class]: Failed to instantiate [org.springframework.security.config.annotation.web.builders.HttpSecurity]: Factory method 'httpSecurity' threw exception with message: Error creating bean with name 'userDetailsService' defined in class path resource [com/springboot/SpringSecurities/SecurityConfig.class]: Failed to instantiate [org.springframework.security.core.userdetails.UserDetailsService]: Factory method 'userDetailsService' threw exception with message: PreparedStatementCallback; SQL [insert into users (username, password, enabled) values (?,?,?)]; Duplicate entry 'user5' for key 'users.PRIMARY'
2026-07-25T11:56:57.689+05:30  INFO 2933 --- [SpringSecurities] [main] j.LocalContainerEntityManagerFactoryBean : Closing JPA EntityManagerFactory for persistence unit 'default'
2026-07-25T11:56:57.690+05:30  INFO 2933 --- [SpringSecurities] [main] com.zaxxer.hikari.HikariDataSource       : HikariPool-1 - Shutdown initiated...
2026-07-25T11:56:57.693+05:30  INFO 2933 --- [SpringSecurities] [main] com.zaxxer.hikari.HikariDataSource       : HikariPool-1 - Shutdown completed.
2026-07-25T11:56:57.693+05:30  INFO 2933 --- [SpringSecurities] [main] o.apache.catalina.core.StandardService   : Stopping service [Tomcat]
2026-07-25T11:56:57.697+05:30  INFO 2933 --- [SpringSecurities] [main] .s.b.a.l.ConditionEvaluationReportLogger : 

Error starting ApplicationContext. To display the condition evaluation report re-run your application with 'debug' enabled.
2026-07-25T11:56:57.701+05:30 ERROR 2933 --- [SpringSecurities] [main] o.s.boot.SpringApplication               : Application run failed

org.springframework.beans.factory.UnsatisfiedDependencyException: Error creating bean with name 'org.springframework.security.config.annotation.web.configuration.WebSecurityConfiguration': Unsatisfied dependency expressed through method 'setFilterChains' parameter 0: Error creating bean with name 'securityFilterChain' defined in class path resource [com/springboot/SpringSecurities/SecurityConfig.class]: Unsatisfied dependency expressed through method 'securityFilterChain' parameter 0: Error creating bean with name 'org.springframework.security.config.annotation.web.configuration.HttpSecurityConfiguration.httpSecurity' defined in class path resource [org/springframework/security/config/annotation/web/configuration/HttpSecurityConfiguration.class]: Failed to instantiate [org.springframework.security.config.annotation.web.builders.HttpSecurity]: Factory method 'httpSecurity' threw exception with message: Error creating bean with name 'userDetailsService' defined in class path resource [com/springboot/SpringSecurities/SecurityConfig.class]: Failed to instantiate [org.springframework.security.core.userdetails.UserDetailsService]: Factory method 'userDetailsService' threw exception with message: PreparedStatementCallback; SQL [insert into users (username, password, enabled) values (?,?,?)]; Duplicate entry 'user5' for key 'users.PRIMARY'
	at org.springframework.beans.factory.annotation.AutowiredAnnotationBeanPostProcessor$AutowiredMethodElement.resolveMethodArguments(AutowiredAnnotationBeanPostProcessor.java:872) ~[spring-beans-7.0.8.jar:7.0.8]
	at org.springframework.beans.factory.annotation.AutowiredAnnotationBeanPostProcessor$AutowiredMethodElement.inject(AutowiredAnnotationBeanPostProcessor.java:827) ~[spring-beans-7.0.8.jar:7.0.8]
	at org.springframework.beans.factory.annotation.InjectionMetadata.inject(InjectionMetadata.java:146) ~[spring-beans-7.0.8.jar:7.0.8]
	at org.springframework.beans.factory.annotation.AutowiredAnnotationBeanPostProcessor.postProcessProperties(AutowiredAnnotationBeanPostProcessor.java:493) ~[spring-beans-7.0.8.jar:7.0.8]
	at org.springframework.beans.factory.support.AbstractAutowireCapableBeanFactory.populateBean(AbstractAutowireCapableBeanFactory.java:1444) ~[spring-beans-7.0.8.jar:7.0.8]
	at org.springframework.beans.factory.support.AbstractAutowireCapableBeanFactory.doCreateBean(AbstractAutowireCapableBeanFactory.java:602) ~[spring-beans-7.0.8.jar:7.0.8]
	at org.springframework.beans.factory.support.AbstractAutowireCapableBeanFactory.createBean(AbstractAutowireCapableBeanFactory.java:525) ~[spring-beans-7.0.8.jar:7.0.8]
	at org.springframework.beans.factory.support.AbstractBeanFactory.lambda$doGetBean$0(AbstractBeanFactory.java:333) ~[spring-beans-7.0.8.jar:7.0.8]
	at org.springframework.beans.factory.support.DefaultSingletonBeanRegistry.getSingleton(DefaultSingletonBeanRegistry.java:371) ~[spring-beans-7.0.8.jar:7.0.8]
	at org.springframework.beans.factory.support.AbstractBeanFactory.doGetBean(AbstractBeanFactory.java:331) ~[spring-beans-7.0.8.jar:7.0.8]
	at org.springframework.beans.factory.support.AbstractBeanFactory.getBean(AbstractBeanFactory.java:196) ~[spring-beans-7.0.8.jar:7.0.8]
	at org.springframework.beans.factory.support.DefaultListableBeanFactory.instantiateSingleton(DefaultListableBeanFactory.java:1225) ~[spring-beans-7.0.8.jar:7.0.8]
	at org.springframework.beans.factory.support.DefaultListableBeanFactory.preInstantiateSingleton(DefaultListableBeanFactory.java:1191) ~[spring-beans-7.0.8.jar:7.0.8]
	at org.springframework.beans.factory.support.DefaultListableBeanFactory.preInstantiateSingletons(DefaultListableBeanFactory.java:1121) ~[spring-beans-7.0.8.jar:7.0.8]
	at org.springframework.context.support.AbstractApplicationContext.finishBeanFactoryInitialization(AbstractApplicationContext.java:994) ~[spring-context-7.0.8.jar:7.0.8]
	at org.springframework.context.support.AbstractApplicationContext.refresh(AbstractApplicationContext.java:621) ~[spring-context-7.0.8.jar:7.0.8]
	at org.springframework.boot.web.server.servlet.context.ServletWebServerApplicationContext.refresh(ServletWebServerApplicationContext.java:143) ~[spring-boot-web-server-4.1.0.jar:4.1.0]
	at org.springframework.boot.SpringApplication.refresh(SpringApplication.java:756) ~[spring-boot-4.1.0.jar:4.1.0]
	at org.springframework.boot.SpringApplication.refreshContext(SpringApplication.java:445) ~[spring-boot-4.1.0.jar:4.1.0]
	at org.springframework.boot.SpringApplication.run(SpringApplication.java:321) ~[spring-boot-4.1.0.jar:4.1.0]
	at org.springframework.boot.SpringApplication.run(SpringApplication.java:1365) ~[spring-boot-4.1.0.jar:4.1.0]
	at org.springframework.boot.SpringApplication.run(SpringApplication.java:1354) ~[spring-boot-4.1.0.jar:4.1.0]
	at com.springboot.SpringSecurities.SpringSecuritiesApplication.main(SpringSecuritiesApplication.java:10) ~[classes/:na]
Caused by: org.springframework.beans.factory.UnsatisfiedDependencyException: Error creating bean with name 'securityFilterChain' defined in class path resource [com/springboot/SpringSecurities/SecurityConfig.class]: Unsatisfied dependency expressed through method 'securityFilterChain' parameter 0: Error creating bean with name 'org.springframework.security.config.annotation.web.configuration.HttpSecurityConfiguration.httpSecurity' defined in class path resource [org/springframework/security/config/annotation/web/configuration/HttpSecurityConfiguration.class]: Failed to instantiate [org.springframework.security.config.annotation.web.builders.HttpSecurity]: Factory method 'httpSecurity' threw exception with message: Error creating bean with name 'userDetailsService' defined in class path resource [com/springboot/SpringSecurities/SecurityConfig.class]: Failed to instantiate [org.springframework.security.core.userdetails.UserDetailsService]: Factory method 'userDetailsService' threw exception with message: PreparedStatementCallback; SQL [insert into users (username, password, enabled) values (?,?,?)]; Duplicate entry 'user5' for key 'users.PRIMARY'
	at org.springframework.beans.factory.support.ConstructorResolver.createArgumentArray(ConstructorResolver.java:804) ~[spring-beans-7.0.8.jar:7.0.8]
	at org.springframework.beans.factory.support.ConstructorResolver.instantiateUsingFactoryMethod(ConstructorResolver.java:546) ~[spring-beans-7.0.8.jar:7.0.8]
	at org.springframework.beans.factory.support.AbstractAutowireCapableBeanFactory.instantiateUsingFactoryMethod(AbstractAutowireCapableBeanFactory.java:1360) ~[spring-beans-7.0.8.jar:7.0.8]
	at org.springframework.beans.factory.support.AbstractAutowireCapableBeanFactory.createBeanInstance(AbstractAutowireCapableBeanFactory.java:1192) ~[spring-beans-7.0.8.jar:7.0.8]
	at org.springframework.beans.factory.support.AbstractAutowireCapableBeanFactory.doCreateBean(AbstractAutowireCapableBeanFactory.java:565) ~[spring-beans-7.0.8.jar:7.0.8]
	at org.springframework.beans.factory.support.AbstractAutowireCapableBeanFactory.createBean(AbstractAutowireCapableBeanFactory.java:525) ~[spring-beans-7.0.8.jar:7.0.8]
	at org.springframework.beans.factory.support.AbstractBeanFactory.lambda$doGetBean$0(AbstractBeanFactory.java:333) ~[spring-beans-7.0.8.jar:7.0.8]
	at org.springframework.beans.factory.support.DefaultSingletonBeanRegistry.getSingleton(DefaultSingletonBeanRegistry.java:371) ~[spring-beans-7.0.8.jar:7.0.8]
	at org.springframework.beans.factory.support.AbstractBeanFactory.doGetBean(AbstractBeanFactory.java:331) ~[spring-beans-7.0.8.jar:7.0.8]
	at org.springframework.beans.factory.support.AbstractBeanFactory.getBean(AbstractBeanFactory.java:201) ~[spring-beans-7.0.8.jar:7.0.8]
	at org.springframework.beans.factory.config.DependencyDescriptor.resolveCandidate(DependencyDescriptor.java:229) ~[spring-beans-7.0.8.jar:7.0.8]
	at org.springframework.beans.factory.support.DefaultListableBeanFactory.addCandidateEntry(DefaultListableBeanFactory.java:2015) ~[spring-beans-7.0.8.jar:7.0.8]
	at org.springframework.beans.factory.support.DefaultListableBeanFactory.findAutowireCandidates(DefaultListableBeanFactory.java:1978) ~[spring-beans-7.0.8.jar:7.0.8]
	at org.springframework.beans.factory.support.DefaultListableBeanFactory.resolveMultipleBeanCollection(DefaultListableBeanFactory.java:1870) ~[spring-beans-7.0.8.jar:7.0.8]
	at org.springframework.beans.factory.support.DefaultListableBeanFactory.resolveMultipleBeans(DefaultListableBeanFactory.java:1840) ~[spring-beans-7.0.8.jar:7.0.8]
	at org.springframework.beans.factory.support.DefaultListableBeanFactory.doResolveDependency(DefaultListableBeanFactory.java:1718) ~[spring-beans-7.0.8.jar:7.0.8]
	at org.springframework.beans.factory.support.DefaultListableBeanFactory.resolveDependency(DefaultListableBeanFactory.java:1658) ~[spring-beans-7.0.8.jar:7.0.8]
	at org.springframework.beans.factory.annotation.AutowiredAnnotationBeanPostProcessor$AutowiredMethodElement.resolveMethodArguments(AutowiredAnnotationBeanPostProcessor.java:864) ~[spring-beans-7.0.8.jar:7.0.8]
	... 22 common frames omitted
Caused by: org.springframework.beans.factory.BeanCreationException: Error creating bean with name 'org.springframework.security.config.annotation.web.configuration.HttpSecurityConfiguration.httpSecurity' defined in class path resource [org/springframework/security/config/annotation/web/configuration/HttpSecurityConfiguration.class]: Failed to instantiate [org.springframework.security.config.annotation.web.builders.HttpSecurity]: Factory method 'httpSecurity' threw exception with message: Error creating bean with name 'userDetailsService' defined in class path resource [com/springboot/SpringSecurities/SecurityConfig.class]: Failed to instantiate [org.springframework.security.core.userdetails.UserDetailsService]: Factory method 'userDetailsService' threw exception with message: PreparedStatementCallback; SQL [insert into users (username, password, enabled) values (?,?,?)]; Duplicate entry 'user5' for key 'users.PRIMARY'
	at org.springframework.beans.factory.support.ConstructorResolver.instantiate(ConstructorResolver.java:657) ~[spring-beans-7.0.8.jar:7.0.8]
	at org.springframework.beans.factory.support.ConstructorResolver.instantiateUsingFactoryMethod(ConstructorResolver.java:489) ~[spring-beans-7.0.8.jar:7.0.8]
	at org.springframework.beans.factory.support.AbstractAutowireCapableBeanFactory.instantiateUsingFactoryMethod(AbstractAutowireCapableBeanFactory.java:1360) ~[spring-beans-7.0.8.jar:7.0.8]
	at org.springframework.beans.factory.support.AbstractAutowireCapableBeanFactory.createBeanInstance(AbstractAutowireCapableBeanFactory.java:1192) ~[spring-beans-7.0.8.jar:7.0.8]
	at org.springframework.beans.factory.support.AbstractAutowireCapableBeanFactory.doCreateBean(AbstractAutowireCapableBeanFactory.java:565) ~[spring-beans-7.0.8.jar:7.0.8]
	at org.springframework.beans.factory.support.AbstractAutowireCapableBeanFactory.createBean(AbstractAutowireCapableBeanFactory.java:525) ~[spring-beans-7.0.8.jar:7.0.8]
	at org.springframework.beans.factory.support.AbstractBeanFactory.doGetBean(AbstractBeanFactory.java:351) ~[spring-beans-7.0.8.jar:7.0.8]
	at org.springframework.beans.factory.support.AbstractBeanFactory.getBean(AbstractBeanFactory.java:201) ~[spring-beans-7.0.8.jar:7.0.8]
	at org.springframework.beans.factory.config.DependencyDescriptor.resolveCandidate(DependencyDescriptor.java:229) ~[spring-beans-7.0.8.jar:7.0.8]
	at org.springframework.beans.factory.support.DefaultListableBeanFactory.doResolveDependency(DefaultListableBeanFactory.java:1769) ~[spring-beans-7.0.8.jar:7.0.8]
	at org.springframework.beans.factory.support.DefaultListableBeanFactory.resolveDependency(DefaultListableBeanFactory.java:1658) ~[spring-beans-7.0.8.jar:7.0.8]
	at org.springframework.beans.factory.support.ConstructorResolver.resolveAutowiredArgument(ConstructorResolver.java:912) ~[spring-beans-7.0.8.jar:7.0.8]
	at org.springframework.beans.factory.support.ConstructorResolver.createArgumentArray(ConstructorResolver.java:791) ~[spring-beans-7.0.8.jar:7.0.8]
	... 39 common frames omitted
Caused by: org.springframework.beans.BeanInstantiationException: Failed to instantiate [org.springframework.security.config.annotation.web.builders.HttpSecurity]: Factory method 'httpSecurity' threw exception with message: Error creating bean with name 'userDetailsService' defined in class path resource [com/springboot/SpringSecurities/SecurityConfig.class]: Failed to instantiate [org.springframework.security.core.userdetails.UserDetailsService]: Factory method 'userDetailsService' threw exception with message: PreparedStatementCallback; SQL [insert into users (username, password, enabled) values (?,?,?)]; Duplicate entry 'user5' for key 'users.PRIMARY'
	at org.springframework.beans.factory.support.SimpleInstantiationStrategy.lambda$instantiate$0(SimpleInstantiationStrategy.java:183) ~[spring-beans-7.0.8.jar:7.0.8]
	at org.springframework.beans.factory.support.SimpleInstantiationStrategy.instantiateWithFactoryMethod(SimpleInstantiationStrategy.java:72) ~[spring-beans-7.0.8.jar:7.0.8]
	at org.springframework.beans.factory.support.SimpleInstantiationStrategy.instantiate(SimpleInstantiationStrategy.java:152) ~[spring-beans-7.0.8.jar:7.0.8]
	at org.springframework.beans.factory.support.ConstructorResolver.instantiate(ConstructorResolver.java:653) ~[spring-beans-7.0.8.jar:7.0.8]
	... 51 common frames omitted
Caused by: org.springframework.beans.factory.BeanCreationException: Error creating bean with name 'userDetailsService' defined in class path resource [com/springboot/SpringSecurities/SecurityConfig.class]: Failed to instantiate [org.springframework.security.core.userdetails.UserDetailsService]: Factory method 'userDetailsService' threw exception with message: PreparedStatementCallback; SQL [insert into users (username, password, enabled) values (?,?,?)]; Duplicate entry 'user5' for key 'users.PRIMARY'
	at org.springframework.beans.factory.support.ConstructorResolver.instantiate(ConstructorResolver.java:657) ~[spring-beans-7.0.8.jar:7.0.8]
	at org.springframework.beans.factory.support.ConstructorResolver.instantiateUsingFactoryMethod(ConstructorResolver.java:489) ~[spring-beans-7.0.8.jar:7.0.8]
	at org.springframework.beans.factory.support.AbstractAutowireCapableBeanFactory.instantiateUsingFactoryMethod(AbstractAutowireCapableBeanFactory.java:1360) ~[spring-beans-7.0.8.jar:7.0.8]
	at org.springframework.beans.factory.support.AbstractAutowireCapableBeanFactory.createBeanInstance(AbstractAutowireCapableBeanFactory.java:1192) ~[spring-beans-7.0.8.jar:7.0.8]
	at org.springframework.beans.factory.support.AbstractAutowireCapableBeanFactory.doCreateBean(AbstractAutowireCapableBeanFactory.java:565) ~[spring-beans-7.0.8.jar:7.0.8]
	at org.springframework.beans.factory.support.AbstractAutowireCapableBeanFactory.createBean(AbstractAutowireCapableBeanFactory.java:525) ~[spring-beans-7.0.8.jar:7.0.8]
	at org.springframework.beans.factory.support.AbstractBeanFactory.lambda$doGetBean$0(AbstractBeanFactory.java:333) ~[spring-beans-7.0.8.jar:7.0.8]
	at org.springframework.beans.factory.support.DefaultSingletonBeanRegistry.getSingleton(DefaultSingletonBeanRegistry.java:371) ~[spring-beans-7.0.8.jar:7.0.8]
	at org.springframework.beans.factory.support.AbstractBeanFactory.doGetBean(AbstractBeanFactory.java:331) ~[spring-beans-7.0.8.jar:7.0.8]
	at org.springframework.beans.factory.support.AbstractBeanFactory.getBean(AbstractBeanFactory.java:201) ~[spring-beans-7.0.8.jar:7.0.8]
	at org.springframework.context.support.AbstractApplicationContext.getBean(AbstractApplicationContext.java:1305) ~[spring-context-7.0.8.jar:7.0.8]
	at org.springframework.security.config.annotation.authentication.configuration.InitializeUserDetailsBeanManagerConfigurer$InitializeUserDetailsManagerConfigurer.configure(InitializeUserDetailsBeanManagerConfigurer.java:94) ~[spring-security-config-7.1.0.jar:7.1.0]
	at org.springframework.security.config.annotation.authentication.configuration.InitializeUserDetailsBeanManagerConfigurer$InitializeUserDetailsManagerConfigurer.configure(InitializeUserDetailsBeanManagerConfigurer.java:63) ~[spring-security-config-7.1.0.jar:7.1.0]
	at org.springframework.security.config.annotation.AbstractConfiguredSecurityBuilder.configure(AbstractConfiguredSecurityBuilder.java:386) ~[spring-security-config-7.1.0.jar:7.1.0]
	at org.springframework.security.config.annotation.AbstractConfiguredSecurityBuilder.doBuild(AbstractConfiguredSecurityBuilder.java:336) ~[spring-security-config-7.1.0.jar:7.1.0]
	at org.springframework.security.config.annotation.AbstractSecurityBuilder.build(AbstractSecurityBuilder.java:38) ~[spring-security-config-7.1.0.jar:7.1.0]
	at org.springframework.security.config.annotation.authentication.configuration.AuthenticationConfiguration.getAuthenticationManager(AuthenticationConfiguration.java:122) ~[spring-security-config-7.1.0.jar:7.1.0]
	at org.springframework.security.config.annotation.web.configuration.HttpSecurityConfiguration.authenticationManager(HttpSecurityConfiguration.java:153) ~[spring-security-config-7.1.0.jar:7.1.0]
	at org.springframework.security.config.annotation.web.configuration.HttpSecurityConfiguration.httpSecurity(HttpSecurityConfiguration.java:120) ~[spring-security-config-7.1.0.jar:7.1.0]
	at java.base/jdk.internal.reflect.DirectMethodHandleAccessor.invoke(DirectMethodHandleAccessor.java:104) ~[na:na]
	at java.base/java.lang.reflect.Method.invoke(Method.java:565) ~[na:na]
	at org.springframework.beans.factory.support.SimpleInstantiationStrategy.lambda$instantiate$0(SimpleInstantiationStrategy.java:155) ~[spring-beans-7.0.8.jar:7.0.8]
	... 54 common frames omitted
Caused by: org.springframework.beans.BeanInstantiationException: Failed to instantiate [org.springframework.security.core.userdetails.UserDetailsService]: Factory method 'userDetailsService' threw exception with message: PreparedStatementCallback; SQL [insert into users (username, password, enabled) values (?,?,?)]; Duplicate entry 'user5' for key 'users.PRIMARY'
	at org.springframework.beans.factory.support.SimpleInstantiationStrategy.lambda$instantiate$0(SimpleInstantiationStrategy.java:183) ~[spring-beans-7.0.8.jar:7.0.8]
	at org.springframework.beans.factory.support.SimpleInstantiationStrategy.instantiateWithFactoryMethod(SimpleInstantiationStrategy.java:72) ~[spring-beans-7.0.8.jar:7.0.8]
	at org.springframework.beans.factory.support.SimpleInstantiationStrategy.instantiate(SimpleInstantiationStrategy.java:152) ~[spring-beans-7.0.8.jar:7.0.8]
	at org.springframework.beans.factory.support.ConstructorResolver.instantiate(ConstructorResolver.java:653) ~[spring-beans-7.0.8.jar:7.0.8]
	... 75 common frames omitted
Caused by: org.springframework.dao.DuplicateKeyException: PreparedStatementCallback; SQL [insert into users (username, password, enabled) values (?,?,?)]; Duplicate entry 'user5' for key 'users.PRIMARY'
	at org.springframework.jdbc.support.SQLExceptionSubclassTranslator.doTranslate(SQLExceptionSubclassTranslator.java:104) ~[spring-jdbc-7.0.8.jar:7.0.8]
	at org.springframework.jdbc.support.AbstractFallbackSQLExceptionTranslator.translate(AbstractFallbackSQLExceptionTranslator.java:102) ~[spring-jdbc-7.0.8.jar:7.0.8]
	at org.springframework.jdbc.core.JdbcTemplate.translateException(JdbcTemplate.java:1549) ~[spring-jdbc-7.0.8.jar:7.0.8]
	at org.springframework.jdbc.core.JdbcTemplate.execute(JdbcTemplate.java:689) ~[spring-jdbc-7.0.8.jar:7.0.8]
	at org.springframework.jdbc.core.JdbcTemplate.update(JdbcTemplate.java:966) ~[spring-jdbc-7.0.8.jar:7.0.8]
	at org.springframework.jdbc.core.JdbcTemplate.update(JdbcTemplate.java:1010) ~[spring-jdbc-7.0.8.jar:7.0.8]
	at org.springframework.security.provisioning.JdbcUserDetailsManager.createUser(JdbcUserDetailsManager.java:252) ~[spring-security-core-7.1.0.jar:7.1.0]
	at com.springboot.SpringSecurities.SecurityConfig.userDetailsService(SecurityConfig.java:52) ~[classes/:na]
	at com.springboot.SpringSecurities.SecurityConfig$$SpringCGLIB$$0.CGLIB$userDetailsService$1(<generated>) ~[classes/:na]
	at com.springboot.SpringSecurities.SecurityConfig$$SpringCGLIB$$FastClass$$1.invoke(<generated>) ~[classes/:na]
	at org.springframework.cglib.proxy.MethodProxy.invokeSuper(MethodProxy.java:258) ~[spring-core-7.0.8.jar:7.0.8]
	at org.springframework.context.annotation.ConfigurationClassEnhancer$BeanMethodInterceptor.intercept(ConfigurationClassEnhancer.java:398) ~[spring-context-7.0.8.jar:7.0.8]
	at com.springboot.SpringSecurities.SecurityConfig$$SpringCGLIB$$0.userDetailsService(<generated>) ~[classes/:na]
	at java.base/jdk.internal.reflect.DirectMethodHandleAccessor.invoke(DirectMethodHandleAccessor.java:104) ~[na:na]
	at java.base/java.lang.reflect.Method.invoke(Method.java:565) ~[na:na]
	at org.springframework.beans.factory.support.SimpleInstantiationStrategy.lambda$instantiate$0(SimpleInstantiationStrategy.java:155) ~[spring-beans-7.0.8.jar:7.0.8]
	... 78 common frames omitted
Caused by: java.sql.SQLIntegrityConstraintViolationException: Duplicate entry 'user5' for key 'users.PRIMARY'
	at com.mysql.cj.jdbc.exceptions.SQLError.createSQLException(SQLError.java:109) ~[mysql-connector-j-9.7.0.jar:9.7.0]
	at com.mysql.cj.jdbc.exceptions.SQLExceptionsMapping.translateException(SQLExceptionsMapping.java:114) ~[mysql-connector-j-9.7.0.jar:9.7.0]
	at com.mysql.cj.jdbc.ClientPreparedStatement.executeInternal(ClientPreparedStatement.java:988) ~[mysql-connector-j-9.7.0.jar:9.7.0]
	at com.mysql.cj.jdbc.ClientPreparedStatement.executeUpdateInternal(ClientPreparedStatement.java:1166) ~[mysql-connector-j-9.7.0.jar:9.7.0]
	at com.mysql.cj.jdbc.ClientPreparedStatement.executeUpdateInternal(ClientPreparedStatement.java:1101) ~[mysql-connector-j-9.7.0.jar:9.7.0]
	at com.mysql.cj.jdbc.ClientPreparedStatement.executeLargeUpdate(ClientPreparedStatement.java:1448) ~[mysql-connector-j-9.7.0.jar:9.7.0]
	at com.mysql.cj.jdbc.ClientPreparedStatement.executeUpdate(ClientPreparedStatement.java:1084) ~[mysql-connector-j-9.7.0.jar:9.7.0]
	at com.zaxxer.hikari.pool.ProxyPreparedStatement.executeUpdate(ProxyPreparedStatement.java:61) ~[HikariCP-7.0.2.jar:na]
	at com.zaxxer.hikari.pool.HikariProxyPreparedStatement.executeUpdate(HikariProxyPreparedStatement.java) ~[HikariCP-7.0.2.jar:na]
	at org.springframework.jdbc.core.JdbcTemplate.lambda$update$0(JdbcTemplate.java:971) ~[spring-jdbc-7.0.8.jar:7.0.8]
	at org.springframework.jdbc.core.JdbcTemplate.execute(JdbcTemplate.java:670) ~[spring-jdbc-7.0.8.jar:7.0.8]
	... 90 common frames omitted

2026-07-25T11:58:01.940+05:30  INFO 2954 --- [SpringSecurities] [main] c.s.S.SpringSecuritiesApplication        : Starting SpringSecuritiesApplication using Java 24.0.1 with PID 2954 (/Users/atharvaparkale/Personal/Dev/SpringBoot/SpringSecurities/target/classes started by atharvaparkale in /Users/atharvaparkale/Personal/Dev/SpringBoot/SpringSecurities)
2026-07-25T11:58:01.941+05:30 DEBUG 2954 --- [SpringSecurities] [main] c.s.S.SpringSecuritiesApplication        : Running with Spring Boot v4.1.0, Spring v7.0.8
2026-07-25T11:58:01.942+05:30  INFO 2954 --- [SpringSecurities] [main] c.s.S.SpringSecuritiesApplication        : No active profile set, falling back to 1 default profile: "default"
2026-07-25T11:58:02.136+05:30  INFO 2954 --- [SpringSecurities] [main] .s.d.r.c.RepositoryConfigurationDelegate : Multiple Spring Data modules found, entering strict repository configuration mode
2026-07-25T11:58:02.138+05:30  INFO 2954 --- [SpringSecurities] [main] .s.d.r.c.RepositoryConfigurationDelegate : Bootstrapping Spring Data JDBC repositories in DEFAULT mode.
2026-07-25T11:58:02.144+05:30  INFO 2954 --- [SpringSecurities] [main] .s.d.r.c.RepositoryConfigurationDelegate : Finished Spring Data repository scanning in 3 ms. Found 0 JDBC repository interfaces.
2026-07-25T11:58:02.148+05:30  INFO 2954 --- [SpringSecurities] [main] .s.d.r.c.RepositoryConfigurationDelegate : Multiple Spring Data modules found, entering strict repository configuration mode
2026-07-25T11:58:02.148+05:30  INFO 2954 --- [SpringSecurities] [main] .s.d.r.c.RepositoryConfigurationDelegate : Bootstrapping Spring Data JPA repositories in DEFAULT mode.
2026-07-25T11:58:02.150+05:30  INFO 2954 --- [SpringSecurities] [main] .s.d.r.c.RepositoryConfigurationDelegate : Finished Spring Data repository scanning in 0 ms. Found 0 JPA repository interfaces.
2026-07-25T11:58:02.270+05:30  INFO 2954 --- [SpringSecurities] [main] o.s.boot.tomcat.TomcatWebServer          : Tomcat initialized with port 8080 (http)
2026-07-25T11:58:02.274+05:30  INFO 2954 --- [SpringSecurities] [main] o.apache.catalina.core.StandardService   : Starting service [Tomcat]
2026-07-25T11:58:02.274+05:30  INFO 2954 --- [SpringSecurities] [main] o.apache.catalina.core.StandardEngine    : Starting Servlet engine: [Apache Tomcat/11.0.22]
2026-07-25T11:58:02.284+05:30  INFO 2954 --- [SpringSecurities] [main] b.w.c.s.WebApplicationContextInitializer : Root WebApplicationContext: initialization completed in 329 ms
2026-07-25T11:58:02.332+05:30  INFO 2954 --- [SpringSecurities] [main] org.hibernate.orm.jpa                    : HHH008540: Processing PersistenceUnitInfo [name: default]
2026-07-25T11:58:02.346+05:30  INFO 2954 --- [SpringSecurities] [main] org.hibernate.orm.core                   : HHH000001: Hibernate ORM core version 7.4.1.Final
2026-07-25T11:58:02.466+05:30  INFO 2954 --- [SpringSecurities] [main] o.s.o.j.p.SpringPersistenceUnitInfo      : No LoadTimeWeaver setup: ignoring JPA class transformer
2026-07-25T11:58:02.475+05:30  INFO 2954 --- [SpringSecurities] [main] com.zaxxer.hikari.HikariDataSource       : HikariPool-1 - Starting...
2026-07-25T11:58:02.591+05:30  INFO 2954 --- [SpringSecurities] [main] com.zaxxer.hikari.pool.HikariPool        : HikariPool-1 - Added connection com.mysql.cj.jdbc.ConnectionImpl@13662609
2026-07-25T11:58:02.592+05:30  INFO 2954 --- [SpringSecurities] [main] com.zaxxer.hikari.HikariDataSource       : HikariPool-1 - Start completed.
2026-07-25T11:58:02.608+05:30  WARN 2954 --- [SpringSecurities] [main] org.hibernate.orm.deprecation            : HHH90000025: MySQLDialect does not need to be specified explicitly using 'hibernate.dialect' (remove the property setting and it will be selected by default)
2026-07-25T11:58:02.613+05:30  INFO 2954 --- [SpringSecurities] [main] org.hibernate.orm.connections.pooling    : HHH10001005: Database info:
	Database JDBC URL [jdbc:mysql://localhost:3306/security_app]
	Database driver: MySQL Connector/J
	Database dialect: MySQLDialect
	Database version: 9.7.1
	Default catalog/schema: security_app/undefined
	Autocommit mode: undefined/unknown
	Isolation level: REPEATABLE_READ [default REPEATABLE_READ]
	JDBC fetch size: none
	Pool: DataSourceConnectionProvider
	Minimum pool size: undefined/unknown
	Maximum pool size: undefined/unknown
2026-07-25T11:58:02.728+05:30  INFO 2954 --- [SpringSecurities] [main] org.hibernate.orm.core                   : HHH000489: No JTA platform available (set 'hibernate.transaction.jta.platform' to enable JTA platform integration)
2026-07-25T11:58:02.746+05:30  INFO 2954 --- [SpringSecurities] [main] j.LocalContainerEntityManagerFactoryBean : Initialized JPA EntityManagerFactory for persistence unit 'default'
2026-07-25T11:58:02.769+05:30  WARN 2954 --- [SpringSecurities] [main] JpaBaseConfiguration$JpaWebConfiguration : spring.jpa.open-in-view is enabled by default. Therefore, database queries may be performed during view rendering. Explicitly configure spring.jpa.open-in-view to disable this warning
2026-07-25T11:58:03.213+05:30  WARN 2954 --- [SpringSecurities] [main] ConfigServletWebServerApplicationContext : Exception encountered during context initialization - cancelling refresh attempt: org.springframework.beans.factory.UnsatisfiedDependencyException: Error creating bean with name 'org.springframework.security.config.annotation.web.configuration.WebSecurityConfiguration': Unsatisfied dependency expressed through method 'setFilterChains' parameter 0: Error creating bean with name 'securityFilterChain' defined in class path resource [com/springboot/SpringSecurities/SecurityConfig.class]: Unsatisfied dependency expressed through method 'securityFilterChain' parameter 0: Error creating bean with name 'org.springframework.security.config.annotation.web.configuration.HttpSecurityConfiguration.httpSecurity' defined in class path resource [org/springframework/security/config/annotation/web/configuration/HttpSecurityConfiguration.class]: Failed to instantiate [org.springframework.security.config.annotation.web.builders.HttpSecurity]: Factory method 'httpSecurity' threw exception with message: Error creating bean with name 'userDetailsService' defined in class path resource [com/springboot/SpringSecurities/SecurityConfig.class]: Failed to instantiate [org.springframework.security.core.userdetails.UserDetailsService]: Factory method 'userDetailsService' threw exception with message: PreparedStatementCallback; SQL [insert into users (username, password, enabled) values (?,?,?)]; Duplicate entry 'user5' for key 'users.PRIMARY'
2026-07-25T11:58:03.213+05:30  INFO 2954 --- [SpringSecurities] [main] j.LocalContainerEntityManagerFactoryBean : Closing JPA EntityManagerFactory for persistence unit 'default'
2026-07-25T11:58:03.214+05:30  INFO 2954 --- [SpringSecurities] [main] com.zaxxer.hikari.HikariDataSource       : HikariPool-1 - Shutdown initiated...
2026-07-25T11:58:03.216+05:30  INFO 2954 --- [SpringSecurities] [main] com.zaxxer.hikari.HikariDataSource       : HikariPool-1 - Shutdown completed.
2026-07-25T11:58:03.217+05:30  INFO 2954 --- [SpringSecurities] [main] o.apache.catalina.core.StandardService   : Stopping service [Tomcat]
2026-07-25T11:58:03.221+05:30  INFO 2954 --- [SpringSecurities] [main] .s.b.a.l.ConditionEvaluationReportLogger : 

Error starting ApplicationContext. To display the condition evaluation report re-run your application with 'debug' enabled.
2026-07-25T11:58:03.224+05:30 ERROR 2954 --- [SpringSecurities] [main] o.s.boot.SpringApplication               : Application run failed

org.springframework.beans.factory.UnsatisfiedDependencyException: Error creating bean with name 'org.springframework.security.config.annotation.web.configuration.WebSecurityConfiguration': Unsatisfied dependency expressed through method 'setFilterChains' parameter 0: Error creating bean with name 'securityFilterChain' defined in class path resource [com/springboot/SpringSecurities/SecurityConfig.class]: Unsatisfied dependency expressed through method 'securityFilterChain' parameter 0: Error creating bean with name 'org.springframework.security.config.annotation.web.configuration.HttpSecurityConfiguration.httpSecurity' defined in class path resource [org/springframework/security/config/annotation/web/configuration/HttpSecurityConfiguration.class]: Failed to instantiate [org.springframework.security.config.annotation.web.builders.HttpSecurity]: Factory method 'httpSecurity' threw exception with message: Error creating bean with name 'userDetailsService' defined in class path resource [com/springboot/SpringSecurities/SecurityConfig.class]: Failed to instantiate [org.springframework.security.core.userdetails.UserDetailsService]: Factory method 'userDetailsService' threw exception with message: PreparedStatementCallback; SQL [insert into users (username, password, enabled) values (?,?,?)]; Duplicate entry 'user5' for key 'users.PRIMARY'
	at org.springframework.beans.factory.annotation.AutowiredAnnotationBeanPostProcessor$AutowiredMethodElement.resolveMethodArguments(AutowiredAnnotationBeanPostProcessor.java:872) ~[spring-beans-7.0.8.jar:7.0.8]
	at org.springframework.beans.factory.annotation.AutowiredAnnotationBeanPostProcessor$AutowiredMethodElement.inject(AutowiredAnnotationBeanPostProcessor.java:827) ~[spring-beans-7.0.8.jar:7.0.8]
	at org.springframework.beans.factory.annotation.InjectionMetadata.inject(InjectionMetadata.java:146) ~[spring-beans-7.0.8.jar:7.0.8]
	at org.springframework.beans.factory.annotation.AutowiredAnnotationBeanPostProcessor.postProcessProperties(AutowiredAnnotationBeanPostProcessor.java:493) ~[spring-beans-7.0.8.jar:7.0.8]
	at org.springframework.beans.factory.support.AbstractAutowireCapableBeanFactory.populateBean(AbstractAutowireCapableBeanFactory.java:1444) ~[spring-beans-7.0.8.jar:7.0.8]
	at org.springframework.beans.factory.support.AbstractAutowireCapableBeanFactory.doCreateBean(AbstractAutowireCapableBeanFactory.java:602) ~[spring-beans-7.0.8.jar:7.0.8]
	at org.springframework.beans.factory.support.AbstractAutowireCapableBeanFactory.createBean(AbstractAutowireCapableBeanFactory.java:525) ~[spring-beans-7.0.8.jar:7.0.8]
	at org.springframework.beans.factory.support.AbstractBeanFactory.lambda$doGetBean$0(AbstractBeanFactory.java:333) ~[spring-beans-7.0.8.jar:7.0.8]
	at org.springframework.beans.factory.support.DefaultSingletonBeanRegistry.getSingleton(DefaultSingletonBeanRegistry.java:371) ~[spring-beans-7.0.8.jar:7.0.8]
	at org.springframework.beans.factory.support.AbstractBeanFactory.doGetBean(AbstractBeanFactory.java:331) ~[spring-beans-7.0.8.jar:7.0.8]
	at org.springframework.beans.factory.support.AbstractBeanFactory.getBean(AbstractBeanFactory.java:196) ~[spring-beans-7.0.8.jar:7.0.8]
	at org.springframework.beans.factory.support.DefaultListableBeanFactory.instantiateSingleton(DefaultListableBeanFactory.java:1225) ~[spring-beans-7.0.8.jar:7.0.8]
	at org.springframework.beans.factory.support.DefaultListableBeanFactory.preInstantiateSingleton(DefaultListableBeanFactory.java:1191) ~[spring-beans-7.0.8.jar:7.0.8]
	at org.springframework.beans.factory.support.DefaultListableBeanFactory.preInstantiateSingletons(DefaultListableBeanFactory.java:1121) ~[spring-beans-7.0.8.jar:7.0.8]
	at org.springframework.context.support.AbstractApplicationContext.finishBeanFactoryInitialization(AbstractApplicationContext.java:994) ~[spring-context-7.0.8.jar:7.0.8]
	at org.springframework.context.support.AbstractApplicationContext.refresh(AbstractApplicationContext.java:621) ~[spring-context-7.0.8.jar:7.0.8]
	at org.springframework.boot.web.server.servlet.context.ServletWebServerApplicationContext.refresh(ServletWebServerApplicationContext.java:143) ~[spring-boot-web-server-4.1.0.jar:4.1.0]
	at org.springframework.boot.SpringApplication.refresh(SpringApplication.java:756) ~[spring-boot-4.1.0.jar:4.1.0]
	at org.springframework.boot.SpringApplication.refreshContext(SpringApplication.java:445) ~[spring-boot-4.1.0.jar:4.1.0]
	at org.springframework.boot.SpringApplication.run(SpringApplication.java:321) ~[spring-boot-4.1.0.jar:4.1.0]
	at org.springframework.boot.SpringApplication.run(SpringApplication.java:1365) ~[spring-boot-4.1.0.jar:4.1.0]
	at org.springframework.boot.SpringApplication.run(SpringApplication.java:1354) ~[spring-boot-4.1.0.jar:4.1.0]
	at com.springboot.SpringSecurities.SpringSecuritiesApplication.main(SpringSecuritiesApplication.java:10) ~[classes/:na]
Caused by: org.springframework.beans.factory.UnsatisfiedDependencyException: Error creating bean with name 'securityFilterChain' defined in class path resource [com/springboot/SpringSecurities/SecurityConfig.class]: Unsatisfied dependency expressed through method 'securityFilterChain' parameter 0: Error creating bean with name 'org.springframework.security.config.annotation.web.configuration.HttpSecurityConfiguration.httpSecurity' defined in class path resource [org/springframework/security/config/annotation/web/configuration/HttpSecurityConfiguration.class]: Failed to instantiate [org.springframework.security.config.annotation.web.builders.HttpSecurity]: Factory method 'httpSecurity' threw exception with message: Error creating bean with name 'userDetailsService' defined in class path resource [com/springboot/SpringSecurities/SecurityConfig.class]: Failed to instantiate [org.springframework.security.core.userdetails.UserDetailsService]: Factory method 'userDetailsService' threw exception with message: PreparedStatementCallback; SQL [insert into users (username, password, enabled) values (?,?,?)]; Duplicate entry 'user5' for key 'users.PRIMARY'
	at org.springframework.beans.factory.support.ConstructorResolver.createArgumentArray(ConstructorResolver.java:804) ~[spring-beans-7.0.8.jar:7.0.8]
	at org.springframework.beans.factory.support.ConstructorResolver.instantiateUsingFactoryMethod(ConstructorResolver.java:546) ~[spring-beans-7.0.8.jar:7.0.8]
	at org.springframework.beans.factory.support.AbstractAutowireCapableBeanFactory.instantiateUsingFactoryMethod(AbstractAutowireCapableBeanFactory.java:1360) ~[spring-beans-7.0.8.jar:7.0.8]
	at org.springframework.beans.factory.support.AbstractAutowireCapableBeanFactory.createBeanInstance(AbstractAutowireCapableBeanFactory.java:1192) ~[spring-beans-7.0.8.jar:7.0.8]
	at org.springframework.beans.factory.support.AbstractAutowireCapableBeanFactory.doCreateBean(AbstractAutowireCapableBeanFactory.java:565) ~[spring-beans-7.0.8.jar:7.0.8]
	at org.springframework.beans.factory.support.AbstractAutowireCapableBeanFactory.createBean(AbstractAutowireCapableBeanFactory.java:525) ~[spring-beans-7.0.8.jar:7.0.8]
	at org.springframework.beans.factory.support.AbstractBeanFactory.lambda$doGetBean$0(AbstractBeanFactory.java:333) ~[spring-beans-7.0.8.jar:7.0.8]
	at org.springframework.beans.factory.support.DefaultSingletonBeanRegistry.getSingleton(DefaultSingletonBeanRegistry.java:371) ~[spring-beans-7.0.8.jar:7.0.8]
	at org.springframework.beans.factory.support.AbstractBeanFactory.doGetBean(AbstractBeanFactory.java:331) ~[spring-beans-7.0.8.jar:7.0.8]
	at org.springframework.beans.factory.support.AbstractBeanFactory.getBean(AbstractBeanFactory.java:201) ~[spring-beans-7.0.8.jar:7.0.8]
	at org.springframework.beans.factory.config.DependencyDescriptor.resolveCandidate(DependencyDescriptor.java:229) ~[spring-beans-7.0.8.jar:7.0.8]
	at org.springframework.beans.factory.support.DefaultListableBeanFactory.addCandidateEntry(DefaultListableBeanFactory.java:2015) ~[spring-beans-7.0.8.jar:7.0.8]
	at org.springframework.beans.factory.support.DefaultListableBeanFactory.findAutowireCandidates(DefaultListableBeanFactory.java:1978) ~[spring-beans-7.0.8.jar:7.0.8]
	at org.springframework.beans.factory.support.DefaultListableBeanFactory.resolveMultipleBeanCollection(DefaultListableBeanFactory.java:1870) ~[spring-beans-7.0.8.jar:7.0.8]
	at org.springframework.beans.factory.support.DefaultListableBeanFactory.resolveMultipleBeans(DefaultListableBeanFactory.java:1840) ~[spring-beans-7.0.8.jar:7.0.8]
	at org.springframework.beans.factory.support.DefaultListableBeanFactory.doResolveDependency(DefaultListableBeanFactory.java:1718) ~[spring-beans-7.0.8.jar:7.0.8]
	at org.springframework.beans.factory.support.DefaultListableBeanFactory.resolveDependency(DefaultListableBeanFactory.java:1658) ~[spring-beans-7.0.8.jar:7.0.8]
	at org.springframework.beans.factory.annotation.AutowiredAnnotationBeanPostProcessor$AutowiredMethodElement.resolveMethodArguments(AutowiredAnnotationBeanPostProcessor.java:864) ~[spring-beans-7.0.8.jar:7.0.8]
	... 22 common frames omitted
Caused by: org.springframework.beans.factory.BeanCreationException: Error creating bean with name 'org.springframework.security.config.annotation.web.configuration.HttpSecurityConfiguration.httpSecurity' defined in class path resource [org/springframework/security/config/annotation/web/configuration/HttpSecurityConfiguration.class]: Failed to instantiate [org.springframework.security.config.annotation.web.builders.HttpSecurity]: Factory method 'httpSecurity' threw exception with message: Error creating bean with name 'userDetailsService' defined in class path resource [com/springboot/SpringSecurities/SecurityConfig.class]: Failed to instantiate [org.springframework.security.core.userdetails.UserDetailsService]: Factory method 'userDetailsService' threw exception with message: PreparedStatementCallback; SQL [insert into users (username, password, enabled) values (?,?,?)]; Duplicate entry 'user5' for key 'users.PRIMARY'
	at org.springframework.beans.factory.support.ConstructorResolver.instantiate(ConstructorResolver.java:657) ~[spring-beans-7.0.8.jar:7.0.8]
	at org.springframework.beans.factory.support.ConstructorResolver.instantiateUsingFactoryMethod(ConstructorResolver.java:489) ~[spring-beans-7.0.8.jar:7.0.8]
	at org.springframework.beans.factory.support.AbstractAutowireCapableBeanFactory.instantiateUsingFactoryMethod(AbstractAutowireCapableBeanFactory.java:1360) ~[spring-beans-7.0.8.jar:7.0.8]
	at org.springframework.beans.factory.support.AbstractAutowireCapableBeanFactory.createBeanInstance(AbstractAutowireCapableBeanFactory.java:1192) ~[spring-beans-7.0.8.jar:7.0.8]
	at org.springframework.beans.factory.support.AbstractAutowireCapableBeanFactory.doCreateBean(AbstractAutowireCapableBeanFactory.java:565) ~[spring-beans-7.0.8.jar:7.0.8]
	at org.springframework.beans.factory.support.AbstractAutowireCapableBeanFactory.createBean(AbstractAutowireCapableBeanFactory.java:525) ~[spring-beans-7.0.8.jar:7.0.8]
	at org.springframework.beans.factory.support.AbstractBeanFactory.doGetBean(AbstractBeanFactory.java:351) ~[spring-beans-7.0.8.jar:7.0.8]
	at org.springframework.beans.factory.support.AbstractBeanFactory.getBean(AbstractBeanFactory.java:201) ~[spring-beans-7.0.8.jar:7.0.8]
	at org.springframework.beans.factory.config.DependencyDescriptor.resolveCandidate(DependencyDescriptor.java:229) ~[spring-beans-7.0.8.jar:7.0.8]
	at org.springframework.beans.factory.support.DefaultListableBeanFactory.doResolveDependency(DefaultListableBeanFactory.java:1769) ~[spring-beans-7.0.8.jar:7.0.8]
	at org.springframework.beans.factory.support.DefaultListableBeanFactory.resolveDependency(DefaultListableBeanFactory.java:1658) ~[spring-beans-7.0.8.jar:7.0.8]
	at org.springframework.beans.factory.support.ConstructorResolver.resolveAutowiredArgument(ConstructorResolver.java:912) ~[spring-beans-7.0.8.jar:7.0.8]
	at org.springframework.beans.factory.support.ConstructorResolver.createArgumentArray(ConstructorResolver.java:791) ~[spring-beans-7.0.8.jar:7.0.8]
	... 39 common frames omitted
Caused by: org.springframework.beans.BeanInstantiationException: Failed to instantiate [org.springframework.security.config.annotation.web.builders.HttpSecurity]: Factory method 'httpSecurity' threw exception with message: Error creating bean with name 'userDetailsService' defined in class path resource [com/springboot/SpringSecurities/SecurityConfig.class]: Failed to instantiate [org.springframework.security.core.userdetails.UserDetailsService]: Factory method 'userDetailsService' threw exception with message: PreparedStatementCallback; SQL [insert into users (username, password, enabled) values (?,?,?)]; Duplicate entry 'user5' for key 'users.PRIMARY'
	at org.springframework.beans.factory.support.SimpleInstantiationStrategy.lambda$instantiate$0(SimpleInstantiationStrategy.java:183) ~[spring-beans-7.0.8.jar:7.0.8]
	at org.springframework.beans.factory.support.SimpleInstantiationStrategy.instantiateWithFactoryMethod(SimpleInstantiationStrategy.java:72) ~[spring-beans-7.0.8.jar:7.0.8]
	at org.springframework.beans.factory.support.SimpleInstantiationStrategy.instantiate(SimpleInstantiationStrategy.java:152) ~[spring-beans-7.0.8.jar:7.0.8]
	at org.springframework.beans.factory.support.ConstructorResolver.instantiate(ConstructorResolver.java:653) ~[spring-beans-7.0.8.jar:7.0.8]
	... 51 common frames omitted
Caused by: org.springframework.beans.factory.BeanCreationException: Error creating bean with name 'userDetailsService' defined in class path resource [com/springboot/SpringSecurities/SecurityConfig.class]: Failed to instantiate [org.springframework.security.core.userdetails.UserDetailsService]: Factory method 'userDetailsService' threw exception with message: PreparedStatementCallback; SQL [insert into users (username, password, enabled) values (?,?,?)]; Duplicate entry 'user5' for key 'users.PRIMARY'
	at org.springframework.beans.factory.support.ConstructorResolver.instantiate(ConstructorResolver.java:657) ~[spring-beans-7.0.8.jar:7.0.8]
	at org.springframework.beans.factory.support.ConstructorResolver.instantiateUsingFactoryMethod(ConstructorResolver.java:489) ~[spring-beans-7.0.8.jar:7.0.8]
	at org.springframework.beans.factory.support.AbstractAutowireCapableBeanFactory.instantiateUsingFactoryMethod(AbstractAutowireCapableBeanFactory.java:1360) ~[spring-beans-7.0.8.jar:7.0.8]
	at org.springframework.beans.factory.support.AbstractAutowireCapableBeanFactory.createBeanInstance(AbstractAutowireCapableBeanFactory.java:1192) ~[spring-beans-7.0.8.jar:7.0.8]
	at org.springframework.beans.factory.support.AbstractAutowireCapableBeanFactory.doCreateBean(AbstractAutowireCapableBeanFactory.java:565) ~[spring-beans-7.0.8.jar:7.0.8]
	at org.springframework.beans.factory.support.AbstractAutowireCapableBeanFactory.createBean(AbstractAutowireCapableBeanFactory.java:525) ~[spring-beans-7.0.8.jar:7.0.8]
	at org.springframework.beans.factory.support.AbstractBeanFactory.lambda$doGetBean$0(AbstractBeanFactory.java:333) ~[spring-beans-7.0.8.jar:7.0.8]
	at org.springframework.beans.factory.support.DefaultSingletonBeanRegistry.getSingleton(DefaultSingletonBeanRegistry.java:371) ~[spring-beans-7.0.8.jar:7.0.8]
	at org.springframework.beans.factory.support.AbstractBeanFactory.doGetBean(AbstractBeanFactory.java:331) ~[spring-beans-7.0.8.jar:7.0.8]
	at org.springframework.beans.factory.support.AbstractBeanFactory.getBean(AbstractBeanFactory.java:201) ~[spring-beans-7.0.8.jar:7.0.8]
	at org.springframework.context.support.AbstractApplicationContext.getBean(AbstractApplicationContext.java:1305) ~[spring-context-7.0.8.jar:7.0.8]
	at org.springframework.security.config.annotation.authentication.configuration.InitializeUserDetailsBeanManagerConfigurer$InitializeUserDetailsManagerConfigurer.configure(InitializeUserDetailsBeanManagerConfigurer.java:94) ~[spring-security-config-7.1.0.jar:7.1.0]
	at org.springframework.security.config.annotation.authentication.configuration.InitializeUserDetailsBeanManagerConfigurer$InitializeUserDetailsManagerConfigurer.configure(InitializeUserDetailsBeanManagerConfigurer.java:63) ~[spring-security-config-7.1.0.jar:7.1.0]
	at org.springframework.security.config.annotation.AbstractConfiguredSecurityBuilder.configure(AbstractConfiguredSecurityBuilder.java:386) ~[spring-security-config-7.1.0.jar:7.1.0]
	at org.springframework.security.config.annotation.AbstractConfiguredSecurityBuilder.doBuild(AbstractConfiguredSecurityBuilder.java:336) ~[spring-security-config-7.1.0.jar:7.1.0]
	at org.springframework.security.config.annotation.AbstractSecurityBuilder.build(AbstractSecurityBuilder.java:38) ~[spring-security-config-7.1.0.jar:7.1.0]
	at org.springframework.security.config.annotation.authentication.configuration.AuthenticationConfiguration.getAuthenticationManager(AuthenticationConfiguration.java:122) ~[spring-security-config-7.1.0.jar:7.1.0]
	at org.springframework.security.config.annotation.web.configuration.HttpSecurityConfiguration.authenticationManager(HttpSecurityConfiguration.java:153) ~[spring-security-config-7.1.0.jar:7.1.0]
	at org.springframework.security.config.annotation.web.configuration.HttpSecurityConfiguration.httpSecurity(HttpSecurityConfiguration.java:120) ~[spring-security-config-7.1.0.jar:7.1.0]
	at java.base/jdk.internal.reflect.DirectMethodHandleAccessor.invoke(DirectMethodHandleAccessor.java:104) ~[na:na]
	at java.base/java.lang.reflect.Method.invoke(Method.java:565) ~[na:na]
	at org.springframework.beans.factory.support.SimpleInstantiationStrategy.lambda$instantiate$0(SimpleInstantiationStrategy.java:155) ~[spring-beans-7.0.8.jar:7.0.8]
	... 54 common frames omitted
Caused by: org.springframework.beans.BeanInstantiationException: Failed to instantiate [org.springframework.security.core.userdetails.UserDetailsService]: Factory method 'userDetailsService' threw exception with message: PreparedStatementCallback; SQL [insert into users (username, password, enabled) values (?,?,?)]; Duplicate entry 'user5' for key 'users.PRIMARY'
	at org.springframework.beans.factory.support.SimpleInstantiationStrategy.lambda$instantiate$0(SimpleInstantiationStrategy.java:183) ~[spring-beans-7.0.8.jar:7.0.8]
	at org.springframework.beans.factory.support.SimpleInstantiationStrategy.instantiateWithFactoryMethod(SimpleInstantiationStrategy.java:72) ~[spring-beans-7.0.8.jar:7.0.8]
	at org.springframework.beans.factory.support.SimpleInstantiationStrategy.instantiate(SimpleInstantiationStrategy.java:152) ~[spring-beans-7.0.8.jar:7.0.8]
	at org.springframework.beans.factory.support.ConstructorResolver.instantiate(ConstructorResolver.java:653) ~[spring-beans-7.0.8.jar:7.0.8]
	... 75 common frames omitted
Caused by: org.springframework.dao.DuplicateKeyException: PreparedStatementCallback; SQL [insert into users (username, password, enabled) values (?,?,?)]; Duplicate entry 'user5' for key 'users.PRIMARY'
	at org.springframework.jdbc.support.SQLExceptionSubclassTranslator.doTranslate(SQLExceptionSubclassTranslator.java:104) ~[spring-jdbc-7.0.8.jar:7.0.8]
	at org.springframework.jdbc.support.AbstractFallbackSQLExceptionTranslator.translate(AbstractFallbackSQLExceptionTranslator.java:102) ~[spring-jdbc-7.0.8.jar:7.0.8]
	at org.springframework.jdbc.core.JdbcTemplate.translateException(JdbcTemplate.java:1549) ~[spring-jdbc-7.0.8.jar:7.0.8]
	at org.springframework.jdbc.core.JdbcTemplate.execute(JdbcTemplate.java:689) ~[spring-jdbc-7.0.8.jar:7.0.8]
	at org.springframework.jdbc.core.JdbcTemplate.update(JdbcTemplate.java:966) ~[spring-jdbc-7.0.8.jar:7.0.8]
	at org.springframework.jdbc.core.JdbcTemplate.update(JdbcTemplate.java:1010) ~[spring-jdbc-7.0.8.jar:7.0.8]
	at org.springframework.security.provisioning.JdbcUserDetailsManager.createUser(JdbcUserDetailsManager.java:252) ~[spring-security-core-7.1.0.jar:7.1.0]
	at com.springboot.SpringSecurities.SecurityConfig.userDetailsService(SecurityConfig.java:52) ~[classes/:na]
	at com.springboot.SpringSecurities.SecurityConfig$$SpringCGLIB$$0.CGLIB$userDetailsService$1(<generated>) ~[classes/:na]
	at com.springboot.SpringSecurities.SecurityConfig$$SpringCGLIB$$FastClass$$1.invoke(<generated>) ~[classes/:na]
	at org.springframework.cglib.proxy.MethodProxy.invokeSuper(MethodProxy.java:258) ~[spring-core-7.0.8.jar:7.0.8]
	at org.springframework.context.annotation.ConfigurationClassEnhancer$BeanMethodInterceptor.intercept(ConfigurationClassEnhancer.java:398) ~[spring-context-7.0.8.jar:7.0.8]
	at com.springboot.SpringSecurities.SecurityConfig$$SpringCGLIB$$0.userDetailsService(<generated>) ~[classes/:na]
	at java.base/jdk.internal.reflect.DirectMethodHandleAccessor.invoke(DirectMethodHandleAccessor.java:104) ~[na:na]
	at java.base/java.lang.reflect.Method.invoke(Method.java:565) ~[na:na]
	at org.springframework.beans.factory.support.SimpleInstantiationStrategy.lambda$instantiate$0(SimpleInstantiationStrategy.java:155) ~[spring-beans-7.0.8.jar:7.0.8]
	... 78 common frames omitted
Caused by: java.sql.SQLIntegrityConstraintViolationException: Duplicate entry 'user5' for key 'users.PRIMARY'
	at com.mysql.cj.jdbc.exceptions.SQLError.createSQLException(SQLError.java:109) ~[mysql-connector-j-9.7.0.jar:9.7.0]
	at com.mysql.cj.jdbc.exceptions.SQLExceptionsMapping.translateException(SQLExceptionsMapping.java:114) ~[mysql-connector-j-9.7.0.jar:9.7.0]
	at com.mysql.cj.jdbc.ClientPreparedStatement.executeInternal(ClientPreparedStatement.java:988) ~[mysql-connector-j-9.7.0.jar:9.7.0]
	at com.mysql.cj.jdbc.ClientPreparedStatement.executeUpdateInternal(ClientPreparedStatement.java:1166) ~[mysql-connector-j-9.7.0.jar:9.7.0]
	at com.mysql.cj.jdbc.ClientPreparedStatement.executeUpdateInternal(ClientPreparedStatement.java:1101) ~[mysql-connector-j-9.7.0.jar:9.7.0]
	at com.mysql.cj.jdbc.ClientPreparedStatement.executeLargeUpdate(ClientPreparedStatement.java:1448) ~[mysql-connector-j-9.7.0.jar:9.7.0]
	at com.mysql.cj.jdbc.ClientPreparedStatement.executeUpdate(ClientPreparedStatement.java:1084) ~[mysql-connector-j-9.7.0.jar:9.7.0]
	at com.zaxxer.hikari.pool.ProxyPreparedStatement.executeUpdate(ProxyPreparedStatement.java:61) ~[HikariCP-7.0.2.jar:na]
	at com.zaxxer.hikari.pool.HikariProxyPreparedStatement.executeUpdate(HikariProxyPreparedStatement.java) ~[HikariCP-7.0.2.jar:na]
	at org.springframework.jdbc.core.JdbcTemplate.lambda$update$0(JdbcTemplate.java:971) ~[spring-jdbc-7.0.8.jar:7.0.8]
	at org.springframework.jdbc.core.JdbcTemplate.execute(JdbcTemplate.java:670) ~[spring-jdbc-7.0.8.jar:7.0.8]
	... 90 common frames omitted

